Institution,Pays,Ville,Description,Programme,Niveau,Duree,Cout,Cout Note,Langue,Filiere
ECE — Rentrée décalée 2027,France,Paris,École d'ingénieurs ECE — programmes de rentrée décalée 2027 (février-mars 2027).,ECE - Paris - B1 - Cybersécurité et réseaux — Paris,Bachelor,3 ans (Bac+3),6 690 € – 7 025 €/an,"Comptant 6 690 € | Échelonné 7 025 € — Rentrée décalée 2027, Paris (Initiale) — Démarrage 01/03/2027",Français,Informatique & IA
ECE — Rentrée décalée 2027,France,Paris,École d'ingénieurs ECE — programmes de rentrée décalée 2027 (février-mars 2027).,ECE - Paris - B1 - Intelligence Artificielle — Paris,Bachelor,3 ans (Bac+3),6 690 € – 7 025 €/an,"Comptant 6 690 € | Échelonné 7 025 € — Rentrée décalée 2027, Paris (Initiale) — Démarrage 01/03/2027",Français,Informatique & IA
ECE — Rentrée décalée 2027,France,Paris,École d'ingénieurs ECE — programmes de rentrée décalée 2027 (février-mars 2027).,ECE - Paris - B3 - Intelligence Artificielle — Paris,Bachelor,1 an (B3),10 090 € – 10 595 €/an,"Comptant 10 090 € | Échelonné 10 595 € — Rentrée décalée 2027, Paris (Initiale) — Démarrage 04/01/2027",Français,Informatique & IA
ECE — Rentrée décalée 2027,France,Paris,École d'ingénieurs ECE — programmes de rentrée décalée 2027 (février-mars 2027).,ECE - PGE - Paris - Ing1 - Première année — Paris,PGE,5 ans (Bac+5),8 690 € – 9 125 €/an,"Comptant 8 690 € | Échelonné 9 125 € — Rentrée décalée 2027, Paris (Initiale) — Démarrage 01/03/2027",Français,Commerce & Management
ESCE — Rentrée décalée 2027,France,Paris,ESCE International Business School — programmes de rentrée décalée 2027 (février 2027).,ESCE - Bachelor - Paris - B1 - 1ère année ESCE rentrée décalée — Paris,Bachelor,3 ans (Bac+3),7 650 € – 8 033 €/an,"Comptant 7 650 € | Échelonné 8 033 € — Rentrée décalée 2027, Paris (Initiale) — Démarrage 15/02/2027",Français,Commerce & Management
ESCE — Rentrée décalée 2027,France,Paris,ESCE International Business School — programmes de rentrée décalée 2027 (février 2027).,ESCE - Bachelor - Paris - B3 - Management des Organisations — Paris,Bachelor,1 an (B3),7 690 € – 8 075 €/an,"Comptant 7 690 € | Échelonné 8 075 € — Rentrée décalée 2027, Paris (Initiale) — Démarrage 01/02/2027",Français,Commerce & Management
ESCE — Rentrée décalée 2027,France,Paris,ESCE International Business School — programmes de rentrée décalée 2027 (février 2027).,ESCE - Paris - M1 - Stratégie des Entreprises et Management international — Paris,MSc,2 ans (Bac+5),10 650 € – 11 183 €/an,"Comptant 10 650 € | Échelonné 11 183 € — Rentrée décalée 2027, Paris (Initiale) — Démarrage 16/02/2027",Français,Commerce & Management
INSEEC — Rentrée décalée 2027,France,Bordeaux · Chambéry · Lyon · Paris · Beaune · Marseille · Rennes · Toulouse,INSEEC Grande École — programmes de rentrée décalée 2027 (février-mars 2027).,BCh - Bordeaux - B1 - Banque Assurance — Bordeaux,Bachelor,3 ans (Bac+3),10 050 € – 10 553 €/an,"Comptant 10 050 € | Échelonné 10 553 € — Rentrée décalée 2027, Bordeaux (Initiale) — Démarrage 01/03/2027",Français,Commerce & Management
INSEEC — Rentrée décalée 2027,France,Bordeaux · Chambéry · Lyon · Paris · Beaune · Marseille · Rennes · Toulouse,INSEEC Grande École — programmes de rentrée décalée 2027 (février-mars 2027).,BCh - Bordeaux - B1 - Business Développement & Start-up – Resp. d'activités commerciales — Bordeaux,Bachelor,3 ans (Bac+3),10 050 € – 10 553 €/an,"Comptant 10 050 € | Échelonné 10 553 € — Rentrée décalée 2027, Bordeaux (Initiale) — Démarrage 01/03/2027",Français,Informatique & IA
INSEEC — Rentrée décalée 2027,France,Bordeaux · Chambéry · Lyon · Paris · Beaune · Marseille · Rennes · Toulouse,INSEEC Grande École — programmes de rentrée décalée 2027 (février-mars 2027).,BCh - Bordeaux - B1 - Activités commerciales à l'International — Bordeaux,Bachelor,3 ans (Bac+3),10 050 € – 10 553 €/an,"Comptant 10 050 € | Échelonné 10 553 € — Rentrée décalée 2027, Bordeaux (Initiale) — Démarrage 01/03/2027",Français,Commerce & Management
INSEEC — Rentrée décalée 2027,France,Bordeaux · Chambéry · Lyon · Paris · Beaune · Marseille · Rennes · Toulouse,INSEEC Grande École — programmes de rentrée décalée 2027 (février-mars 2027).,BCh - Bordeaux - B1 - Finance d'entreprise — Bordeaux,Bachelor,3 ans (Bac+3),10 050 € – 10 553 €/an,"Comptant 10 050 € | Échelonné 10 553 € — Rentrée décalée 2027, Bordeaux (Initiale) — Démarrage 01/03/2027",Français,Commerce & Management
INSEEC — Rentrée décalée 2027,France,Bordeaux · Chambéry · Lyon · Paris · Beaune · Marseille · Rennes · Toulouse,INSEEC Grande École — programmes de rentrée décalée 2027 (février-mars 2027).,BCh- Bordeaux - B1 - Luxe et services personnalisés – Resp. d'activités commerciales — Bordeaux,Bachelor,3 ans (Bac+3),10 050 € – 10 553 €/an,"Comptant 10 050 € | Échelonné 10 553 € — Rentrée décalée 2027, Bordeaux (Initiale) — Démarrage 01/03/2027",Français,Commerce & Management
INSEEC — Rentrée décalée 2027,France,Bordeaux · Chambéry · Lyon · Paris · Beaune · Marseille · Rennes · Toulouse,INSEEC Grande École — programmes de rentrée décalée 2027 (février-mars 2027).,BCh - Bordeaux - B1 - Digital — Bordeaux,Bachelor,3 ans (Bac+3),10 050 € – 10 553 €/an,"Comptant 10 050 € | Échelonné 10 553 € — Rentrée décalée 2027, Bordeaux (Initiale) — Démarrage 01/03/2027",Français,Commerce & Management
INSEEC — Rentrée décalée 2027,France,Bordeaux · Chambéry · Lyon · Paris · Beaune · Marseille · Rennes · Toulouse,INSEEC Grande École — programmes de rentrée décalée 2027 (février-mars 2027).,BCh - Bordeaux - B1 - Marketing Comm et Développement de produits — Bordeaux,Bachelor,3 ans (Bac+3),10 050 € – 10 553 €/an,"Comptant 10 050 € | Échelonné 10 553 € — Rentrée décalée 2027, Bordeaux (Initiale) — Démarrage 01/03/2027",Français,Commerce & Management
INSEEC — Rentrée décalée 2027,France,Bordeaux · Chambéry · Lyon · Paris · Beaune · Marseille · Rennes · Toulouse,INSEEC Grande École — programmes de rentrée décalée 2027 (février-mars 2027).,BCh - Bordeaux - B1 - Evénementiel — Bordeaux,Bachelor,3 ans (Bac+3),10 050 € – 10 553 €/an,"Comptant 10 050 € | Échelonné 10 553 € — Rentrée décalée 2027, Bordeaux (Initiale) — Démarrage 01/03/2027",Français,Commerce & Management
INSEEC — Rentrée décalée 2027,France,Bordeaux · Chambéry · Lyon · Paris · Beaune · Marseille · Rennes · Toulouse,INSEEC Grande École — programmes de rentrée décalée 2027 (février-mars 2027).,BCh - Bordeaux - B1 - Sport Business — Bordeaux,Bachelor,3 ans (Bac+3),10 050 € – 10 553 €/an,"Comptant 10 050 € | Échelonné 10 553 € — Rentrée décalée 2027, Bordeaux (Initiale) — Démarrage 01/03/2027",Français,Commerce & Management
INSEEC — Rentrée décalée 2027,France,Bordeaux · Chambéry · Lyon · Paris · Beaune · Marseille · Rennes · Toulouse,INSEEC Grande École — programmes de rentrée décalée 2027 (février-mars 2027).,BCh - Bordeaux - B1 - Vins & Spiritueux — Bordeaux,Bachelor,3 ans (Bac+3),10 050 € – 10 553 €/an,"Comptant 10 050 € | Échelonné 10 553 € — Rentrée décalée 2027, Bordeaux (Initiale) — Démarrage 01/03/2027",Français,Commerce & Management
INSEEC — Rentrée décalée 2027,France,Bordeaux · Chambéry · Lyon · Paris · Beaune · Marseille · Rennes · Toulouse,INSEEC Grande École — programmes de rentrée décalée 2027 (février-mars 2027).,BCh - Chambéry - B1 - Banque Assurance — Chambéry,Bachelor,3 ans (Bac+3),8 350 € – 8 768 €/an,"Comptant 8 350 € | Échelonné 8 768 € — Rentrée décalée 2027, Chambéry (Initiale) — Démarrage 01/03/2027",Français,Commerce & Management
INSEEC — Rentrée décalée 2027,France,Bordeaux · Chambéry · Lyon · Paris · Beaune · Marseille · Rennes · Toulouse,INSEEC Grande École — programmes de rentrée décalée 2027 (février-mars 2027).,BCh - Chambéry - B1 - Business Développement & Start-up – Resp. d'activités commerciales — Chambéry,Bachelor,3 ans (Bac+3),8 350 € – 8 768 €/an,"Comptant 8 350 € | Échelonné 8 768 € — Rentrée décalée 2027, Chambéry (Initiale) — Démarrage 01/03/2027",Français,Informatique & IA
INSEEC — Rentrée décalée 2027,France,Bordeaux · Chambéry · Lyon · Paris · Beaune · Marseille · Rennes · Toulouse,INSEEC Grande École — programmes de rentrée décalée 2027 (février-mars 2027).,BCh - Chambéry - B1 - Activités Commerciales à l'International — Chambéry,Bachelor,3 ans (Bac+3),8 350 € – 8 768 €/an,"Comptant 8 350 € | Échelonné 8 768 € — Rentrée décalée 2027, Chambéry (Initiale) — Démarrage 01/03/2027",Français,Commerce & Management
INSEEC — Rentrée décalée 2027,France,Bordeaux · Chambéry · Lyon · Paris · Beaune · Marseille · Rennes · Toulouse,INSEEC Grande École — programmes de rentrée décalée 2027 (février-mars 2027).,BCh - Chambéry - B1 - Finance d'Entreprise — Chambéry,Bachelor,3 ans (Bac+3),8 350 € – 8 768 €/an,"Comptant 8 350 € | Échelonné 8 768 € — Rentrée décalée 2027, Chambéry (Initiale) — Démarrage 01/03/2027",Français,Commerce & Management
INSEEC — Rentrée décalée 2027,France,Bordeaux · Chambéry · Lyon · Paris · Beaune · Marseille · Rennes · Toulouse,INSEEC Grande École — programmes de rentrée décalée 2027 (février-mars 2027).,BCh - Chambéry - B1 - Digital — Chambéry,Bachelor,3 ans (Bac+3),8 350 € – 8 768 €/an,"Comptant 8 350 € | Échelonné 8 768 € — Rentrée décalée 2027, Chambéry (Initiale) — Démarrage 01/03/2027",Français,Commerce & Management
INSEEC — Rentrée décalée 2027,France,Bordeaux · Chambéry · Lyon · Paris · Beaune · Marseille · Rennes · Toulouse,INSEEC Grande École — programmes de rentrée décalée 2027 (février-mars 2027).,BCh - Chambéry - B1 - Marketing Comm et Développement de produits — Chambéry,Bachelor,3 ans (Bac+3),8 350 € – 8 768 €/an,"Comptant 8 350 € | Échelonné 8 768 € — Rentrée décalée 2027, Chambéry (Initiale) — Démarrage 01/03/2027",Français,Commerce & Management
INSEEC — Rentrée décalée 2027,France,Bordeaux · Chambéry · Lyon · Paris · Beaune · Marseille · Rennes · Toulouse,INSEEC Grande École — programmes de rentrée décalée 2027 (février-mars 2027).,BCh - Chambéry - B1 - Evénementiel — Chambéry,Bachelor,3 ans (Bac+3),8 350 € – 8 768 €/an,"Comptant 8 350 € | Échelonné 8 768 € — Rentrée décalée 2027, Chambéry (Initiale) — Démarrage 01/03/2027",Français,Commerce & Management
INSEEC — Rentrée décalée 2027,France,Bordeaux · Chambéry · Lyon · Paris · Beaune · Marseille · Rennes · Toulouse,INSEEC Grande École — programmes de rentrée décalée 2027 (février-mars 2027).,BCh - Chambéry - B1 - Sport Business — Chambéry,Bachelor,3 ans (Bac+3),8 350 € – 8 768 €/an,"Comptant 8 350 € | Échelonné 8 768 € — Rentrée décalée 2027, Chambéry (Initiale) — Démarrage 01/03/2027",Français,Commerce & Management
INSEEC — Rentrée décalée 2027,France,Bordeaux · Chambéry · Lyon · Paris · Beaune · Marseille · Rennes · Toulouse,INSEEC Grande École — programmes de rentrée décalée 2027 (février-mars 2027).,BCh - Lyon - B1 - Banque Assurance — Lyon,Bachelor,3 ans (Bac+3),10 050 € – 10 553 €/an,"Comptant 10 050 € | Échelonné 10 553 € — Rentrée décalée 2027, Lyon (Initiale) — Démarrage 01/03/2027",Français,Commerce & Management
INSEEC — Rentrée décalée 2027,France,Bordeaux · Chambéry · Lyon · Paris · Beaune · Marseille · Rennes · Toulouse,INSEEC Grande École — programmes de rentrée décalée 2027 (février-mars 2027).,BCh - Lyon - B1 - Business Développement & Start-up – Resp. d'activités commerciales — Lyon,Bachelor,3 ans (Bac+3),10 050 € – 10 553 €/an,"Comptant 10 050 € | Échelonné 10 553 € — Rentrée décalée 2027, Lyon (Initiale) — Démarrage 01/03/2027",Français,Informatique & IA
INSEEC — Rentrée décalée 2027,France,Bordeaux · Chambéry · Lyon · Paris · Beaune · Marseille · Rennes · Toulouse,INSEEC Grande École — programmes de rentrée décalée 2027 (février-mars 2027).,BCh - Lyon - B1 - Finance d'entreprise — Lyon,Bachelor,3 ans (Bac+3),10 050 € – 10 553 €/an,"Comptant 10 050 € | Échelonné 10 553 € — Rentrée décalée 2027, Lyon (Initiale) — Démarrage 01/03/2027",Français,Commerce & Management
INSEEC — Rentrée décalée 2027,France,Bordeaux · Chambéry · Lyon · Paris · Beaune · Marseille · Rennes · Toulouse,INSEEC Grande École — programmes de rentrée décalée 2027 (février-mars 2027).,BCh - Lyon - B1 - Activités Commerciales à l'International — Lyon,Bachelor,3 ans (Bac+3),10 050 € – 10 553 €/an,"Comptant 10 050 € | Échelonné 10 553 € — Rentrée décalée 2027, Lyon (Initiale) — Démarrage 01/03/2027",Français,Commerce & Management
INSEEC — Rentrée décalée 2027,France,Bordeaux · Chambéry · Lyon · Paris · Beaune · Marseille · Rennes · Toulouse,INSEEC Grande École — programmes de rentrée décalée 2027 (février-mars 2027).,BCh - Lyon - B1 - Digital — Lyon,Bachelor,3 ans (Bac+3),10 050 € – 10 553 €/an,"Comptant 10 050 € | Échelonné 10 553 € — Rentrée décalée 2027, Lyon (Initiale) — Démarrage 01/03/2027",Français,Commerce & Management
INSEEC — Rentrée décalée 2027,France,Bordeaux · Chambéry · Lyon · Paris · Beaune · Marseille · Rennes · Toulouse,INSEEC Grande École — programmes de rentrée décalée 2027 (février-mars 2027).,BCh - Lyon - B1 - Marketing Comm et Développement de produits — Lyon,Bachelor,3 ans (Bac+3),10 050 € – 10 553 €/an,"Comptant 10 050 € | Échelonné 10 553 € — Rentrée décalée 2027, Lyon (Initiale) — Démarrage 01/03/2027",Français,Commerce & Management
INSEEC — Rentrée décalée 2027,France,Bordeaux · Chambéry · Lyon · Paris · Beaune · Marseille · Rennes · Toulouse,INSEEC Grande École — programmes de rentrée décalée 2027 (février-mars 2027).,BCh - Lyon - B1 - Evénementiel — Lyon,Bachelor,3 ans (Bac+3),10 050 € – 10 553 €/an,"Comptant 10 050 € | Échelonné 10 553 € — Rentrée décalée 2027, Lyon (Initiale) — Démarrage 01/03/2027",Français,Commerce & Management
INSEEC — Rentrée décalée 2027,France,Bordeaux · Chambéry · Lyon · Paris · Beaune · Marseille · Rennes · Toulouse,INSEEC Grande École — programmes de rentrée décalée 2027 (février-mars 2027).,BCh - Lyon - B1 - Luxe et services personnalisés – Resp. d'activités commerciales — Lyon,Bachelor,3 ans (Bac+3),10 050 € – 10 553 €/an,"Comptant 10 050 € | Échelonné 10 553 € — Rentrée décalée 2027, Lyon (Initiale) — Démarrage 01/03/2027",Français,Commerce & Management
INSEEC — Rentrée décalée 2027,France,Bordeaux · Chambéry · Lyon · Paris · Beaune · Marseille · Rennes · Toulouse,INSEEC Grande École — programmes de rentrée décalée 2027 (février-mars 2027).,BCh - Lyon - B1 - Sport Business — Lyon,Bachelor,3 ans (Bac+3),10 050 € – 10 553 €/an,"Comptant 10 050 € | Échelonné 10 553 € — Rentrée décalée 2027, Lyon (Initiale) — Démarrage 01/03/2027",Français,Commerce & Management
INSEEC — Rentrée décalée 2027,France,Bordeaux · Chambéry · Lyon · Paris · Beaune · Marseille · Rennes · Toulouse,INSEEC Grande École — programmes de rentrée décalée 2027 (février-mars 2027).,BCh - Lyon - B1 - Vins & Spiritueux — Lyon,Bachelor,3 ans (Bac+3),10 050 € – 10 553 €/an,"Comptant 10 050 € | Échelonné 10 553 € — Rentrée décalée 2027, Lyon (Initiale) — Démarrage 01/03/2027",Français,Commerce & Management
INSEEC — Rentrée décalée 2027,France,Bordeaux · Chambéry · Lyon · Paris · Beaune · Marseille · Rennes · Toulouse,INSEEC Grande École — programmes de rentrée décalée 2027 (février-mars 2027).,BCh - Paris - B1 - Banque Assurance — Paris,Bachelor,3 ans (Bac+3),10 050 € – 10 553 €/an,"Comptant 10 050 € | Échelonné 10 553 € — Rentrée décalée 2027, Paris (Initiale) — Démarrage 01/03/2027",Français,Commerce & Management
INSEEC — Rentrée décalée 2027,France,Bordeaux · Chambéry · Lyon · Paris · Beaune · Marseille · Rennes · Toulouse,INSEEC Grande École — programmes de rentrée décalée 2027 (février-mars 2027).,BCh - Paris - B1 - Business Développement & Start-up – Resp. d'activités commerciales — Paris,Bachelor,3 ans (Bac+3),10 050 € – 10 553 €/an,"Comptant 10 050 € | Échelonné 10 553 € — Rentrée décalée 2027, Paris (Initiale) — Démarrage 01/03/2027",Français,Informatique & IA
INSEEC — Rentrée décalée 2027,France,Bordeaux · Chambéry · Lyon · Paris · Beaune · Marseille · Rennes · Toulouse,INSEEC Grande École — programmes de rentrée décalée 2027 (février-mars 2027).,BCh - Paris - B1 - Finance d'entreprise — Paris,Bachelor,3 ans (Bac+3),10 050 € – 10 553 €/an,"Comptant 10 050 € | Échelonné 10 553 € — Rentrée décalée 2027, Paris (Initiale) — Démarrage 01/03/2027",Français,Commerce & Management
INSEEC — Rentrée décalée 2027,France,Bordeaux · Chambéry · Lyon · Paris · Beaune · Marseille · Rennes · Toulouse,INSEEC Grande École — programmes de rentrée décalée 2027 (février-mars 2027).,BCh - Paris - B1 - Digital — Paris,Bachelor,3 ans (Bac+3),10 050 € – 10 553 €/an,"Comptant 10 050 € | Échelonné 10 553 € — Rentrée décalée 2027, Paris (Initiale) — Démarrage 01/03/2027",Français,Commerce & Management
INSEEC — Rentrée décalée 2027,France,Bordeaux · Chambéry · Lyon · Paris · Beaune · Marseille · Rennes · Toulouse,INSEEC Grande École — programmes de rentrée décalée 2027 (février-mars 2027).,BCh - Paris - B1 - Marketing Comm et Développement de produits — Paris,Bachelor,3 ans (Bac+3),10 050 € – 10 553 €/an,"Comptant 10 050 € | Échelonné 10 553 € — Rentrée décalée 2027, Paris (Initiale) — Démarrage 01/03/2027",Français,Commerce & Management
INSEEC — Rentrée décalée 2027,France,Bordeaux · Chambéry · Lyon · Paris · Beaune · Marseille · Rennes · Toulouse,INSEEC Grande École — programmes de rentrée décalée 2027 (février-mars 2027).,BCh - Paris - B1 - Evénementiel — Paris,Bachelor,3 ans (Bac+3),10 050 € – 10 553 €/an,"Comptant 10 050 € | Échelonné 10 553 € — Rentrée décalée 2027, Paris (Initiale) — Démarrage 01/03/2027",Français,Commerce & Management
INSEEC — Rentrée décalée 2027,France,Bordeaux · Chambéry · Lyon · Paris · Beaune · Marseille · Rennes · Toulouse,INSEEC Grande École — programmes de rentrée décalée 2027 (février-mars 2027).,BCh - Paris - B1 -  Luxe et services personnalisés – Resp. d'activités commerciales — Paris,Bachelor,3 ans (Bac+3),10 050 € – 10 553 €/an,"Comptant 10 050 € | Échelonné 10 553 € — Rentrée décalée 2027, Paris (Initiale) — Démarrage 01/03/2027",Français,Commerce & Management
INSEEC — Rentrée décalée 2027,France,Bordeaux · Chambéry · Lyon · Paris · Beaune · Marseille · Rennes · Toulouse,INSEEC Grande École — programmes de rentrée décalée 2027 (février-mars 2027).,BCh - Paris - B1 - Sport Business — Paris,Bachelor,3 ans (Bac+3),10 050 € – 10 553 €/an,"Comptant 10 050 € | Échelonné 10 553 € — Rentrée décalée 2027, Paris (Initiale) — Démarrage 01/03/2027",Français,Commerce & Management
INSEEC — Rentrée décalée 2027,France,Bordeaux · Chambéry · Lyon · Paris · Beaune · Marseille · Rennes · Toulouse,INSEEC Grande École — programmes de rentrée décalée 2027 (février-mars 2027).,BCh - Beaune - B3 - Business Développement & Start-up – Resp. d'activités commerciales — Beaune,Bachelor,1 an (B3),10 690 € – 11 225 €/an,"Comptant 10 690 € | Échelonné 11 225 € — Rentrée décalée 2027, Beaune (Alternance) — Démarrage 08/02/2027",Français,Informatique & IA
INSEEC — Rentrée décalée 2027,France,Bordeaux · Chambéry · Lyon · Paris · Beaune · Marseille · Rennes · Toulouse,INSEEC Grande École — programmes de rentrée décalée 2027 (février-mars 2027).,BCh - Beaune - B3 - Distribution/Export — Beaune,Bachelor,1 an (B3),10 690 € – 11 225 €/an,"Comptant 10 690 € | Échelonné 11 225 € — Rentrée décalée 2027, Beaune (Alternance) — Démarrage 08/02/2027",Français,Commerce & Management
INSEEC — Rentrée décalée 2027,France,Bordeaux · Chambéry · Lyon · Paris · Beaune · Marseille · Rennes · Toulouse,INSEEC Grande École — programmes de rentrée décalée 2027 (février-mars 2027).,BCh - Beaune - B3 - Oenotourisme — Beaune,Bachelor,1 an (B3),10 690 € – 11 225 €/an,"Comptant 10 690 € | Échelonné 11 225 € — Rentrée décalée 2027, Beaune (Alternance) — Démarrage 08/02/2027",Français,Commerce & Management
INSEEC — Rentrée décalée 2027,France,Bordeaux · Chambéry · Lyon · Paris · Beaune · Marseille · Rennes · Toulouse,INSEEC Grande École — programmes de rentrée décalée 2027 (février-mars 2027).,"BCh - Beaune - B3 - Sommellerie, Gastronomie — Beaune",Bachelor,1 an (B3),10 690 € – 11 225 €/an,"Comptant 10 690 € | Échelonné 11 225 € — Rentrée décalée 2027, Beaune (Alternance) — Démarrage 08/02/2027",Français,Commerce & Management
INSEEC — Rentrée décalée 2027,France,Bordeaux · Chambéry · Lyon · Paris · Beaune · Marseille · Rennes · Toulouse,INSEEC Grande École — programmes de rentrée décalée 2027 (février-mars 2027).,BCh - Bordeaux - B3 - Banque Assurance — Bordeaux,Bachelor,1 an (B3),10 690 € – 11 225 €/an,"Comptant 10 690 € | Échelonné 11 225 € — Rentrée décalée 2027, Bordeaux (Alternance) — Démarrage 08/02/2027",Français,Commerce & Management
INSEEC — Rentrée décalée 2027,France,Bordeaux · Chambéry · Lyon · Paris · Beaune · Marseille · Rennes · Toulouse,INSEEC Grande École — programmes de rentrée décalée 2027 (février-mars 2027).,BCh - Bordeaux - B3 - Business Développement & Start-up – Resp. d'activités commerciales — Bordeaux,Bachelor,1 an (B3),10 690 € – 11 225 €/an,"Comptant 10 690 € | Échelonné 11 225 € — Rentrée décalée 2027, Bordeaux (Alternance) — Démarrage 08/02/2027",Français,Informatique & IA
INSEEC — Rentrée décalée 2027,France,Bordeaux · Chambéry · Lyon · Paris · Beaune · Marseille · Rennes · Toulouse,INSEEC Grande École — programmes de rentrée décalée 2027 (février-mars 2027).,BCh - Bordeaux - B3 - Activités Commerciales à l'International — Bordeaux,Bachelor,1 an (B3),11 090 € – 11 645 €/an,"Comptant 11 090 € | Échelonné 11 645 € — Rentrée décalée 2027, Bordeaux (Alternance) — Démarrage 08/02/2027",Français,Commerce & Management
INSEEC — Rentrée décalée 2027,France,Bordeaux · Chambéry · Lyon · Paris · Beaune · Marseille · Rennes · Toulouse,INSEEC Grande École — programmes de rentrée décalée 2027 (février-mars 2027).,BCh - Bordeaux - B3 - Web Marketing — Bordeaux,Bachelor,1 an (B3),10 690 € – 11 225 €/an,"Comptant 10 690 € | Échelonné 11 225 € — Rentrée décalée 2027, Bordeaux (Alternance) — Démarrage 08/02/2027",Français,Commerce & Management
INSEEC — Rentrée décalée 2027,France,Bordeaux · Chambéry · Lyon · Paris · Beaune · Marseille · Rennes · Toulouse,INSEEC Grande École — programmes de rentrée décalée 2027 (février-mars 2027).,"BCh - Bordeaux - B3 - Digital Business, IA et Data — Bordeaux",Bachelor,1 an (B3),10 690 € – 11 225 €/an,"Comptant 10 690 € | Échelonné 11 225 € — Rentrée décalée 2027, Bordeaux (Alternance) — Démarrage 08/02/2027",Français,Informatique & IA
INSEEC — Rentrée décalée 2027,France,Bordeaux · Chambéry · Lyon · Paris · Beaune · Marseille · Rennes · Toulouse,INSEEC Grande École — programmes de rentrée décalée 2027 (février-mars 2027).,BCh - Bordeaux - B3 - Community Management et Réseaux Sociaux — Bordeaux,Bachelor,1 an (B3),10 690 € – 11 225 €/an,"Comptant 10 690 € | Échelonné 11 225 € — Rentrée décalée 2027, Bordeaux (Alternance) — Démarrage 08/02/2027",Français,Informatique & IA
INSEEC — Rentrée décalée 2027,France,Bordeaux · Chambéry · Lyon · Paris · Beaune · Marseille · Rennes · Toulouse,INSEEC Grande École — programmes de rentrée décalée 2027 (février-mars 2027).,BCh - Bordeaux - B3 - Finance d'entreprise — Bordeaux,Bachelor,1 an (B3),10 690 € – 11 225 €/an,"Comptant 10 690 € | Échelonné 11 225 € — Rentrée décalée 2027, Bordeaux (Alternance) — Démarrage 08/02/2027",Français,Commerce & Management
INSEEC — Rentrée décalée 2027,France,Bordeaux · Chambéry · Lyon · Paris · Beaune · Marseille · Rennes · Toulouse,INSEEC Grande École — programmes de rentrée décalée 2027 (février-mars 2027).,BCh - Bordeaux - B3 - Luxe et services personnalisés — Bordeaux,Bachelor,1 an (B3),10 690 € – 11 225 €/an,"Comptant 10 690 € | Échelonné 11 225 € — Rentrée décalée 2027, Bordeaux (Alternance) — Démarrage 08/02/2027",Français,Commerce & Management
INSEEC — Rentrée décalée 2027,France,Bordeaux · Chambéry · Lyon · Paris · Beaune · Marseille · Rennes · Toulouse,INSEEC Grande École — programmes de rentrée décalée 2027 (février-mars 2027).,BCh - Bordeaux - B3 - Développement de produits — Bordeaux,Bachelor,1 an (B3),10 690 € – 11 225 €/an,"Comptant 10 690 € | Échelonné 11 225 € — Rentrée décalée 2027, Bordeaux (Alternance) — Démarrage 08/02/2027",Français,Commerce & Management
INSEEC — Rentrée décalée 2027,France,Bordeaux · Chambéry · Lyon · Paris · Beaune · Marseille · Rennes · Toulouse,INSEEC Grande École — programmes de rentrée décalée 2027 (février-mars 2027).,BCh - Bordeaux - B3 - Evénementiel — Bordeaux,Bachelor,1 an (B3),10 690 € – 11 225 €/an,"Comptant 10 690 € | Échelonné 11 225 € — Rentrée décalée 2027, Bordeaux (Alternance) — Démarrage 08/02/2027",Français,Commerce & Management
INSEEC — Rentrée décalée 2027,France,Bordeaux · Chambéry · Lyon · Paris · Beaune · Marseille · Rennes · Toulouse,INSEEC Grande École — programmes de rentrée décalée 2027 (février-mars 2027).,BCh - Bordeaux - B3 - Sport Business — Bordeaux,Bachelor,1 an (B3),10 690 € – 11 225 €/an,"Comptant 10 690 € | Échelonné 11 225 € — Rentrée décalée 2027, Bordeaux (Alternance) — Démarrage 08/02/2027",Français,Commerce & Management
INSEEC — Rentrée décalée 2027,France,Bordeaux · Chambéry · Lyon · Paris · Beaune · Marseille · Rennes · Toulouse,INSEEC Grande École — programmes de rentrée décalée 2027 (février-mars 2027).,BCh - Bordeaux - B3 - Distribution/Export — Bordeaux,Bachelor,1 an (B3),10 690 € – 11 225 €/an,"Comptant 10 690 € | Échelonné 11 225 € — Rentrée décalée 2027, Bordeaux (Alternance) — Démarrage 08/02/2027",Français,Commerce & Management
INSEEC — Rentrée décalée 2027,France,Bordeaux · Chambéry · Lyon · Paris · Beaune · Marseille · Rennes · Toulouse,INSEEC Grande École — programmes de rentrée décalée 2027 (février-mars 2027).,"BCh - Bordeaux - B3 - Sommellerie, Gastronomie — Bordeaux",Bachelor,1 an (B3),10 690 € – 11 225 €/an,"Comptant 10 690 € | Échelonné 11 225 € — Rentrée décalée 2027, Bordeaux (Alternance) — Démarrage 08/02/2027",Français,Commerce & Management
INSEEC — Rentrée décalée 2027,France,Bordeaux · Chambéry · Lyon · Paris · Beaune · Marseille · Rennes · Toulouse,INSEEC Grande École — programmes de rentrée décalée 2027 (février-mars 2027).,BCh - Lyon - B3 - Banque Assurance — Lyon,Bachelor,1 an (B3),10 690 € – 11 225 €/an,"Comptant 10 690 € | Échelonné 11 225 € — Rentrée décalée 2027, Lyon (Alternance) — Démarrage 08/02/2027",Français,Commerce & Management
INSEEC — Rentrée décalée 2027,France,Bordeaux · Chambéry · Lyon · Paris · Beaune · Marseille · Rennes · Toulouse,INSEEC Grande École — programmes de rentrée décalée 2027 (février-mars 2027).,BCh - Lyon - B3 - Business Développement & Start-up – Resp. d'activités commerciales — Lyon,Bachelor,1 an (B3),10 690 € – 11 225 €/an,"Comptant 10 690 € | Échelonné 11 225 € — Rentrée décalée 2027, Lyon (Alternance) — Démarrage 08/02/2027",Français,Informatique & IA
INSEEC — Rentrée décalée 2027,France,Bordeaux · Chambéry · Lyon · Paris · Beaune · Marseille · Rennes · Toulouse,INSEEC Grande École — programmes de rentrée décalée 2027 (février-mars 2027).,BCh - Lyon - B3 - Activités commerciales à l'International — Lyon,Bachelor,1 an (B3),11 090 € – 11 645 €/an,"Comptant 11 090 € | Échelonné 11 645 € — Rentrée décalée 2027, Lyon (Alternance) — Démarrage 08/02/2027",Français,Commerce & Management
INSEEC — Rentrée décalée 2027,France,Bordeaux · Chambéry · Lyon · Paris · Beaune · Marseille · Rennes · Toulouse,INSEEC Grande École — programmes de rentrée décalée 2027 (février-mars 2027).,BCh - Lyon - B3 - Web Marketing — Lyon,Bachelor,1 an (B3),10 690 € – 11 225 €/an,"Comptant 10 690 € | Échelonné 11 225 € — Rentrée décalée 2027, Lyon (Alternance) — Démarrage 08/02/2027",Français,Commerce & Management
INSEEC — Rentrée décalée 2027,France,Bordeaux · Chambéry · Lyon · Paris · Beaune · Marseille · Rennes · Toulouse,INSEEC Grande École — programmes de rentrée décalée 2027 (février-mars 2027).,"BCh - Lyon - B3 - Digital Business, IA et Data — Lyon",Bachelor,1 an (B3),10 690 € – 11 225 €/an,"Comptant 10 690 € | Échelonné 11 225 € — Rentrée décalée 2027, Lyon (Alternance) — Démarrage 08/02/2027",Français,Informatique & IA
INSEEC — Rentrée décalée 2027,France,Bordeaux · Chambéry · Lyon · Paris · Beaune · Marseille · Rennes · Toulouse,INSEEC Grande École — programmes de rentrée décalée 2027 (février-mars 2027).,BCh - Lyon - B3 - Community Management et Réseaux Sociaux — Lyon,Bachelor,1 an (B3),10 690 € – 11 225 €/an,"Comptant 10 690 € | Échelonné 11 225 € — Rentrée décalée 2027, Lyon (Alternance) — Démarrage 08/02/2027",Français,Informatique & IA
INSEEC — Rentrée décalée 2027,France,Bordeaux · Chambéry · Lyon · Paris · Beaune · Marseille · Rennes · Toulouse,INSEEC Grande École — programmes de rentrée décalée 2027 (février-mars 2027).,BCh - Lyon - B3 - Finance d'entreprise — Lyon,Bachelor,1 an (B3),10 690 € – 11 225 €/an,"Comptant 10 690 € | Échelonné 11 225 € — Rentrée décalée 2027, Lyon (Alternance) — Démarrage 08/02/2027",Français,Commerce & Management
INSEEC — Rentrée décalée 2027,France,Bordeaux · Chambéry · Lyon · Paris · Beaune · Marseille · Rennes · Toulouse,INSEEC Grande École — programmes de rentrée décalée 2027 (février-mars 2027).,BCh - Lyon - B3 - Luxe — Lyon,Bachelor,1 an (B3),10 690 € – 11 225 €/an,"Comptant 10 690 € | Échelonné 11 225 € — Rentrée décalée 2027, Lyon (Alternance) — Démarrage 08/02/2027",Français,Commerce & Management
INSEEC — Rentrée décalée 2027,France,Bordeaux · Chambéry · Lyon · Paris · Beaune · Marseille · Rennes · Toulouse,INSEEC Grande École — programmes de rentrée décalée 2027 (février-mars 2027).,BCh - Lyon - B3 - Développement de produits — Lyon,Bachelor,1 an (B3),10 690 € – 11 225 €/an,"Comptant 10 690 € | Échelonné 11 225 € — Rentrée décalée 2027, Lyon (Alternance) — Démarrage 08/02/2027",Français,Commerce & Management
INSEEC — Rentrée décalée 2027,France,Bordeaux · Chambéry · Lyon · Paris · Beaune · Marseille · Rennes · Toulouse,INSEEC Grande École — programmes de rentrée décalée 2027 (février-mars 2027).,BCh - Lyon - B3 - Evénementiel — Lyon,Bachelor,1 an (B3),10 690 € – 11 225 €/an,"Comptant 10 690 € | Échelonné 11 225 € — Rentrée décalée 2027, Lyon (Alternance) — Démarrage 08/02/2027",Français,Commerce & Management
INSEEC — Rentrée décalée 2027,France,Bordeaux · Chambéry · Lyon · Paris · Beaune · Marseille · Rennes · Toulouse,INSEEC Grande École — programmes de rentrée décalée 2027 (février-mars 2027).,BCh - Lyon - B3 - Sport Business — Lyon,Bachelor,1 an (B3),10 690 € – 11 225 €/an,"Comptant 10 690 € | Échelonné 11 225 € — Rentrée décalée 2027, Lyon (Alternance) — Démarrage 08/02/2027",Français,Commerce & Management
INSEEC — Rentrée décalée 2027,France,Bordeaux · Chambéry · Lyon · Paris · Beaune · Marseille · Rennes · Toulouse,INSEEC Grande École — programmes de rentrée décalée 2027 (février-mars 2027).,BCh - Lyon - B3 - Distribution/Export — Lyon,Bachelor,1 an (B3),10 690 € – 11 225 €/an,"Comptant 10 690 € | Échelonné 11 225 € — Rentrée décalée 2027, Lyon (Alternance) — Démarrage 08/02/2027",Français,Commerce & Management
INSEEC — Rentrée décalée 2027,France,Bordeaux · Chambéry · Lyon · Paris · Beaune · Marseille · Rennes · Toulouse,INSEEC Grande École — programmes de rentrée décalée 2027 (février-mars 2027).,BCh - Marseille - B3 - Business Développement & Start-up – Resp. d'activités commerciales — Marseille,Bachelor,1 an (B3),10 690 € – 11 225 €/an,"Comptant 10 690 € | Échelonné 11 225 € — Rentrée décalée 2027, Marseille (Alternance) — Démarrage 08/02/2027",Français,Informatique & IA
INSEEC — Rentrée décalée 2027,France,Bordeaux · Chambéry · Lyon · Paris · Beaune · Marseille · Rennes · Toulouse,INSEEC Grande École — programmes de rentrée décalée 2027 (février-mars 2027).,BCh - Marseille - B3 - Activités Commerciales à l'International — Marseille,Bachelor,1 an (B3),11 090 € – 11 645 €/an,"Comptant 11 090 € | Échelonné 11 645 € — Rentrée décalée 2027, Marseille (Alternance) — Démarrage 08/02/2027",Français,Commerce & Management
INSEEC — Rentrée décalée 2027,France,Bordeaux · Chambéry · Lyon · Paris · Beaune · Marseille · Rennes · Toulouse,INSEEC Grande École — programmes de rentrée décalée 2027 (février-mars 2027).,BCh - Marseille - B3 - Web Marketing — Marseille,Bachelor,1 an (B3),10 690 € – 11 225 €/an,"Comptant 10 690 € | Échelonné 11 225 € — Rentrée décalée 2027, Marseille (Alternance) — Démarrage 08/02/2027",Français,Commerce & Management
INSEEC — Rentrée décalée 2027,France,Bordeaux · Chambéry · Lyon · Paris · Beaune · Marseille · Rennes · Toulouse,INSEEC Grande École — programmes de rentrée décalée 2027 (février-mars 2027).,BCh - Marseille - B3 - Finance d'entreprise — Marseille,Bachelor,1 an (B3),10 690 € – 11 225 €/an,"Comptant 10 690 € | Échelonné 11 225 € — Rentrée décalée 2027, Marseille (Alternance) — Démarrage 08/02/2027",Français,Commerce & Management
INSEEC — Rentrée décalée 2027,France,Bordeaux · Chambéry · Lyon · Paris · Beaune · Marseille · Rennes · Toulouse,INSEEC Grande École — programmes de rentrée décalée 2027 (février-mars 2027).,BCh - Marseille - B3 - Luxe — Marseille,Bachelor,1 an (B3),10 690 € – 11 225 €/an,"Comptant 10 690 € | Échelonné 11 225 € — Rentrée décalée 2027, Marseille (Alternance) — Démarrage 08/02/2027",Français,Commerce & Management
INSEEC — Rentrée décalée 2027,France,Bordeaux · Chambéry · Lyon · Paris · Beaune · Marseille · Rennes · Toulouse,INSEEC Grande École — programmes de rentrée décalée 2027 (février-mars 2027).,BCh - Marseille - B3 - Développement de produits — Marseille,Bachelor,1 an (B3),10 690 € – 11 225 €/an,"Comptant 10 690 € | Échelonné 11 225 € — Rentrée décalée 2027, Marseille (Alternance) — Démarrage 08/02/2027",Français,Commerce & Management
INSEEC — Rentrée décalée 2027,France,Bordeaux · Chambéry · Lyon · Paris · Beaune · Marseille · Rennes · Toulouse,INSEEC Grande École — programmes de rentrée décalée 2027 (février-mars 2027).,BCh - Marseille - B3 - Evénementiel — Marseille,Bachelor,1 an (B3),10 690 € – 11 225 €/an,"Comptant 10 690 € | Échelonné 11 225 € — Rentrée décalée 2027, Marseille (Alternance) — Démarrage 08/02/2027",Français,Commerce & Management
INSEEC — Rentrée décalée 2027,France,Bordeaux · Chambéry · Lyon · Paris · Beaune · Marseille · Rennes · Toulouse,INSEEC Grande École — programmes de rentrée décalée 2027 (février-mars 2027).,BCh - Marseille - B3 - Sport Business — Marseille,Bachelor,1 an (B3),10 690 € – 11 225 €/an,"Comptant 10 690 € | Échelonné 11 225 € — Rentrée décalée 2027, Marseille (Alternance) — Démarrage 08/02/2027",Français,Commerce & Management
INSEEC — Rentrée décalée 2027,France,Bordeaux · Chambéry · Lyon · Paris · Beaune · Marseille · Rennes · Toulouse,INSEEC Grande École — programmes de rentrée décalée 2027 (février-mars 2027).,BCh - Paris - B3 - Banque Assurance — Paris,Bachelor,1 an (B3),10 690 € – 11 225 €/an,"Comptant 10 690 € | Échelonné 11 225 € — Rentrée décalée 2027, Paris (Alternance) — Démarrage 08/02/2027",Français,Commerce & Management
INSEEC — Rentrée décalée 2027,France,Bordeaux · Chambéry · Lyon · Paris · Beaune · Marseille · Rennes · Toulouse,INSEEC Grande École — programmes de rentrée décalée 2027 (février-mars 2027).,BCh - Paris - B3 - Business Développement & Start-up – Resp. d'activités commerciales — Paris,Bachelor,1 an (B3),10 690 € – 11 225 €/an,"Comptant 10 690 € | Échelonné 11 225 € — Rentrée décalée 2027, Paris (Alternance) — Démarrage 08/02/2027",Français,Informatique & IA
INSEEC — Rentrée décalée 2027,France,Bordeaux · Chambéry · Lyon · Paris · Beaune · Marseille · Rennes · Toulouse,INSEEC Grande École — programmes de rentrée décalée 2027 (février-mars 2027).,BCh - Paris - B3 - Web Marketing — Paris,Bachelor,1 an (B3),10 690 € – 11 225 €/an,"Comptant 10 690 € | Échelonné 11 225 € — Rentrée décalée 2027, Paris (Alternance) — Démarrage 08/02/2027",Français,Commerce & Management
INSEEC — Rentrée décalée 2027,France,Bordeaux · Chambéry · Lyon · Paris · Beaune · Marseille · Rennes · Toulouse,INSEEC Grande École — programmes de rentrée décalée 2027 (février-mars 2027).,"BCh - Paris - B3 - Digital Business, IA et Data — Paris",Bachelor,1 an (B3),10 690 € – 11 225 €/an,"Comptant 10 690 € | Échelonné 11 225 € — Rentrée décalée 2027, Paris (Alternance) — Démarrage 08/02/2027",Français,Informatique & IA
INSEEC — Rentrée décalée 2027,France,Bordeaux · Chambéry · Lyon · Paris · Beaune · Marseille · Rennes · Toulouse,INSEEC Grande École — programmes de rentrée décalée 2027 (février-mars 2027).,BCh - Paris - B3 - Community Management et Réseaux Sociaux — Paris,Bachelor,1 an (B3),10 690 € – 11 225 €/an,"Comptant 10 690 € | Échelonné 11 225 € — Rentrée décalée 2027, Paris (Alternance) — Démarrage 08/02/2027",Français,Informatique & IA
INSEEC — Rentrée décalée 2027,France,Bordeaux · Chambéry · Lyon · Paris · Beaune · Marseille · Rennes · Toulouse,INSEEC Grande École — programmes de rentrée décalée 2027 (février-mars 2027).,BCh - Paris - B3 - Finance d'entreprise — Paris,Bachelor,1 an (B3),10 690 € – 11 225 €/an,"Comptant 10 690 € | Échelonné 11 225 € — Rentrée décalée 2027, Paris (Alternance) — Démarrage 08/02/2027",Français,Commerce & Management
INSEEC — Rentrée décalée 2027,France,Bordeaux · Chambéry · Lyon · Paris · Beaune · Marseille · Rennes · Toulouse,INSEEC Grande École — programmes de rentrée décalée 2027 (février-mars 2027).,BCh - Paris - B3 - Luxe — Paris,Bachelor,1 an (B3),10 690 € – 11 225 €/an,"Comptant 10 690 € | Échelonné 11 225 € — Rentrée décalée 2027, Paris (Alternance) — Démarrage 08/02/2027",Français,Commerce & Management
INSEEC — Rentrée décalée 2027,France,Bordeaux · Chambéry · Lyon · Paris · Beaune · Marseille · Rennes · Toulouse,INSEEC Grande École — programmes de rentrée décalée 2027 (février-mars 2027).,BCh - Paris - B3 - Développement de produits — Paris,Bachelor,1 an (B3),10 690 € – 11 225 €/an,"Comptant 10 690 € | Échelonné 11 225 € — Rentrée décalée 2027, Paris (Alternance) — Démarrage 08/02/2027",Français,Commerce & Management
INSEEC — Rentrée décalée 2027,France,Bordeaux · Chambéry · Lyon · Paris · Beaune · Marseille · Rennes · Toulouse,INSEEC Grande École — programmes de rentrée décalée 2027 (février-mars 2027).,BCh - Paris - B3 - Evénementiel — Paris,Bachelor,1 an (B3),10 690 € – 11 225 €/an,"Comptant 10 690 € | Échelonné 11 225 € — Rentrée décalée 2027, Paris (Alternance) — Démarrage 08/02/2027",Français,Commerce & Management
INSEEC — Rentrée décalée 2027,France,Bordeaux · Chambéry · Lyon · Paris · Beaune · Marseille · Rennes · Toulouse,INSEEC Grande École — programmes de rentrée décalée 2027 (février-mars 2027).,BCh - Paris - B3 - Sport Business — Paris,Bachelor,1 an (B3),10 690 € – 11 225 €/an,"Comptant 10 690 € | Échelonné 11 225 € — Rentrée décalée 2027, Paris (Alternance) — Démarrage 08/02/2027",Français,Commerce & Management
INSEEC — Rentrée décalée 2027,France,Bordeaux · Chambéry · Lyon · Paris · Beaune · Marseille · Rennes · Toulouse,INSEEC Grande École — programmes de rentrée décalée 2027 (février-mars 2027).,IMSc - Bordeaux - M1 - Analyse Financière Internationale — Bordeaux,MSc,2 ans (Bac+5),12 990 € – 13 640 €/an,"Comptant 12 990 € | Échelonné 13 640 € — Rentrée décalée 2027, Bordeaux (Alternance) — Démarrage 22/02/2027",Français,Commerce & Management
INSEEC — Rentrée décalée 2027,France,Bordeaux · Chambéry · Lyon · Paris · Beaune · Marseille · Rennes · Toulouse,INSEEC Grande École — programmes de rentrée décalée 2027 (février-mars 2027).,IMSc - Bordeaux - M1 - Audit & Contrôle de Gestion — Bordeaux,MSc,2 ans (Bac+5),12 990 € – 13 640 €/an,"Comptant 12 990 € | Échelonné 13 640 € — Rentrée décalée 2027, Bordeaux (Alternance) — Démarrage 22/02/2027",Français,Commerce & Management
INSEEC — Rentrée décalée 2027,France,Bordeaux · Chambéry · Lyon · Paris · Beaune · Marseille · Rennes · Toulouse,INSEEC Grande École — programmes de rentrée décalée 2027 (février-mars 2027).,IMSc - Bordeaux - M1 - Banque d'Affaires & Ingénierie Financière — Bordeaux,MSc,2 ans (Bac+5),12 990 € – 13 640 €/an,"Comptant 12 990 € | Échelonné 13 640 € — Rentrée décalée 2027, Bordeaux (Alternance) — Démarrage 22/02/2027",Français,Commerce & Management
INSEEC — Rentrée décalée 2027,France,Bordeaux · Chambéry · Lyon · Paris · Beaune · Marseille · Rennes · Toulouse,INSEEC Grande École — programmes de rentrée décalée 2027 (février-mars 2027).,IMSc - Bordeaux - M1 - Business Development - Trade Marketing & Distribution — Bordeaux,MSc,2 ans (Bac+5),12 090 € – 12 695 €/an,"Comptant 12 090 € | Échelonné 12 695 € — Rentrée décalée 2027, Bordeaux (Alternance) — Démarrage 22/02/2027",Français,Commerce & Management
INSEEC — Rentrée décalée 2027,France,Bordeaux · Chambéry · Lyon · Paris · Beaune · Marseille · Rennes · Toulouse,INSEEC Grande École — programmes de rentrée décalée 2027 (février-mars 2027).,IMSc - Bordeaux - M1 - Business Development & Ingénierie d'Affaires — Bordeaux,MSc,2 ans (Bac+5),12 090 € – 12 695 €/an,"Comptant 12 090 € | Échelonné 12 695 € — Rentrée décalée 2027, Bordeaux (Alternance) — Démarrage 22/02/2027",Français,Commerce & Management
INSEEC — Rentrée décalée 2027,France,Bordeaux · Chambéry · Lyon · Paris · Beaune · Marseille · Rennes · Toulouse,INSEEC Grande École — programmes de rentrée décalée 2027 (février-mars 2027).,"IMSc - Bordeaux - M1 - Communication, Marketing d'Influence & RP — Bordeaux",MSc,2 ans (Bac+5),12 090 € – 12 695 €/an,"Comptant 12 090 € | Échelonné 12 695 € — Rentrée décalée 2027, Bordeaux (Alternance) — Démarrage 22/02/2027",Français,Commerce & Management
INSEEC — Rentrée décalée 2027,France,Bordeaux · Chambéry · Lyon · Paris · Beaune · Marseille · Rennes · Toulouse,INSEEC Grande École — programmes de rentrée décalée 2027 (février-mars 2027).,"IMSc - Bordeaux - M1 - Communication, Publicité & Stratégie Digitale — Bordeaux",MSc,2 ans (Bac+5),12 090 € – 12 695 €/an,"Comptant 12 090 € | Échelonné 12 695 € — Rentrée décalée 2027, Bordeaux (Alternance) — Démarrage 22/02/2027",Français,Commerce & Management
INSEEC — Rentrée décalée 2027,France,Bordeaux · Chambéry · Lyon · Paris · Beaune · Marseille · Rennes · Toulouse,INSEEC Grande École — programmes de rentrée décalée 2027 (février-mars 2027).,IMSc - Bordeaux - M1 - Directeur des Etablissements de Santé — Bordeaux,MSc,2 ans (Bac+5),12 090 € – 12 695 €/an,"Comptant 12 090 € | Échelonné 12 695 € — Rentrée décalée 2027, Bordeaux (Alternance) — Démarrage 22/02/2027",Français,Santé & Sciences de la Vie
INSEEC — Rentrée décalée 2027,France,Bordeaux · Chambéry · Lyon · Paris · Beaune · Marseille · Rennes · Toulouse,INSEEC Grande École — programmes de rentrée décalée 2027 (février-mars 2027).,IMSc - Bordeaux - M1 - Finance d'Entreprise & Ingénierie Financière — Bordeaux,MSc,2 ans (Bac+5),12 990 € – 13 640 €/an,"Comptant 12 990 € | Échelonné 13 640 € — Rentrée décalée 2027, Bordeaux (Alternance) — Démarrage 22/02/2027",Français,Commerce & Management
INSEEC — Rentrée décalée 2027,France,Bordeaux · Chambéry · Lyon · Paris · Beaune · Marseille · Rennes · Toulouse,INSEEC Grande École — programmes de rentrée décalée 2027 (février-mars 2027).,"IMSc - Bordeaux - M1 - Fiscalité, Droit des Affaires, Conseil & Gestion d'Entreprise — Bordeaux",MSc,2 ans (Bac+5),12 090 € – 12 695 €/an,"Comptant 12 090 € | Échelonné 12 695 € — Rentrée décalée 2027, Bordeaux (Alternance) — Démarrage 22/02/2027",Français,Commerce & Management
INSEEC — Rentrée décalée 2027,France,Bordeaux · Chambéry · Lyon · Paris · Beaune · Marseille · Rennes · Toulouse,INSEEC Grande École — programmes de rentrée décalée 2027 (février-mars 2027).,IMSc - Bordeaux - M1 - Management de Projet & Ingénierie Commerciale — Bordeaux,MSc,2 ans (Bac+5),12 090 € – 12 695 €/an,"Comptant 12 090 € | Échelonné 12 695 € — Rentrée décalée 2027, Bordeaux (Alternance) — Démarrage 22/02/2027",Français,Commerce & Management
INSEEC — Rentrée décalée 2027,France,Bordeaux · Chambéry · Lyon · Paris · Beaune · Marseille · Rennes · Toulouse,INSEEC Grande École — programmes de rentrée décalée 2027 (février-mars 2027).,"IMSc - Bordeaux - M1 - Management, Conseil & Stratégie — Bordeaux",MSc,2 ans (Bac+5),12 090 € – 12 695 €/an,"Comptant 12 090 € | Échelonné 12 695 € — Rentrée décalée 2027, Bordeaux (Alternance) — Démarrage 22/02/2027",Français,Commerce & Management
INSEEC — Rentrée décalée 2027,France,Bordeaux · Chambéry · Lyon · Paris · Beaune · Marseille · Rennes · Toulouse,INSEEC Grande École — programmes de rentrée décalée 2027 (février-mars 2027).,IMSc - Bordeaux - M1 - Manager des Ressources Humaines — Bordeaux,MSc,2 ans (Bac+5),12 090 € – 12 695 €/an,"Comptant 12 090 € | Échelonné 12 695 € — Rentrée décalée 2027, Bordeaux (Alternance) — Démarrage 22/02/2027",Français,Commerce & Management
INSEEC — Rentrée décalée 2027,France,Bordeaux · Chambéry · Lyon · Paris · Beaune · Marseille · Rennes · Toulouse,INSEEC Grande École — programmes de rentrée décalée 2027 (février-mars 2027).,IMSc - Bordeaux - M1 - Manager du Développement Durable & de la Transition Ecologique — Bordeaux,MSc,2 ans (Bac+5),12 090 € – 12 695 €/an,"Comptant 12 090 € | Échelonné 12 695 € — Rentrée décalée 2027, Bordeaux (Alternance) — Démarrage 22/02/2027",Français,Commerce & Management
INSEEC — Rentrée décalée 2027,France,Bordeaux · Chambéry · Lyon · Paris · Beaune · Marseille · Rennes · Toulouse,INSEEC Grande École — programmes de rentrée décalée 2027 (février-mars 2027).,IMSc - Bordeaux - M1 - Manager en Data Marketing — Bordeaux,MSc,2 ans (Bac+5),12 090 € – 12 695 €/an,"Comptant 12 090 € | Échelonné 12 695 € — Rentrée décalée 2027, Bordeaux (Alternance) — Démarrage 22/02/2027",Français,Informatique & IA
INSEEC — Rentrée décalée 2027,France,Bordeaux · Chambéry · Lyon · Paris · Beaune · Marseille · Rennes · Toulouse,INSEEC Grande École — programmes de rentrée décalée 2027 (février-mars 2027).,"IMSc - Bordeaux - M1 - Manager Financier, Banque & Assurance — Bordeaux",MSc,2 ans (Bac+5),12 990 € – 13 640 €/an,"Comptant 12 990 € | Échelonné 13 640 € — Rentrée décalée 2027, Bordeaux (Alternance) — Démarrage 22/02/2027",Français,Commerce & Management
INSEEC — Rentrée décalée 2027,France,Bordeaux · Chambéry · Lyon · Paris · Beaune · Marseille · Rennes · Toulouse,INSEEC Grande École — programmes de rentrée décalée 2027 (février-mars 2027).,IMSc - Bordeaux - M1 - Marketing Digital & E-Commerce — Bordeaux,MSc,2 ans (Bac+5),12 090 € – 12 695 €/an,"Comptant 12 090 € | Échelonné 12 695 € — Rentrée décalée 2027, Bordeaux (Alternance) — Démarrage 22/02/2027",Français,Commerce & Management
INSEEC — Rentrée décalée 2027,France,Bordeaux · Chambéry · Lyon · Paris · Beaune · Marseille · Rennes · Toulouse,INSEEC Grande École — programmes de rentrée décalée 2027 (février-mars 2027).,"IMSc - Bordeaux - M1 - Marketing, Communication & Stratégie de Marque — Bordeaux",MSc,2 ans (Bac+5),12 090 € – 12 695 €/an,"Comptant 12 090 € | Échelonné 12 695 € — Rentrée décalée 2027, Bordeaux (Alternance) — Démarrage 22/02/2027",Français,Commerce & Management
INSEEC — Rentrée décalée 2027,France,Bordeaux · Chambéry · Lyon · Paris · Beaune · Marseille · Rennes · Toulouse,INSEEC Grande École — programmes de rentrée décalée 2027 (février-mars 2027).,IMSc - Lyon - M1 - Analyse Financière Internationale — Lyon,MSc,2 ans (Bac+5),12 990 € – 13 640 €/an,"Comptant 12 990 € | Échelonné 13 640 € — Rentrée décalée 2027, Lyon (Alternance) — Démarrage 22/02/2027",Français,Commerce & Management
INSEEC — Rentrée décalée 2027,France,Bordeaux · Chambéry · Lyon · Paris · Beaune · Marseille · Rennes · Toulouse,INSEEC Grande École — programmes de rentrée décalée 2027 (février-mars 2027).,IMSc - Lyon - M1 - Audit & Contrôle de Gestion — Lyon,MSc,2 ans (Bac+5),12 990 € – 13 640 €/an,"Comptant 12 990 € | Échelonné 13 640 € — Rentrée décalée 2027, Lyon (Alternance) — Démarrage 22/02/2027",Français,Commerce & Management
INSEEC — Rentrée décalée 2027,France,Bordeaux · Chambéry · Lyon · Paris · Beaune · Marseille · Rennes · Toulouse,INSEEC Grande École — programmes de rentrée décalée 2027 (février-mars 2027).,IMSc - Lyon - M1 - Business Development & Ingénierie d'Affaires — Lyon,MSc,2 ans (Bac+5),12 090 € – 12 695 €/an,"Comptant 12 090 € | Échelonné 12 695 € — Rentrée décalée 2027, Lyon (Alternance) — Démarrage 22/02/2027",Français,Commerce & Management
INSEEC — Rentrée décalée 2027,France,Bordeaux · Chambéry · Lyon · Paris · Beaune · Marseille · Rennes · Toulouse,INSEEC Grande École — programmes de rentrée décalée 2027 (février-mars 2027).,"IMSc - Lyon - M1 - Communication, Marketing d'Influence & RP — Lyon",MSc,2 ans (Bac+5),12 090 € – 12 695 €/an,"Comptant 12 090 € | Échelonné 12 695 € — Rentrée décalée 2027, Lyon (Alternance) — Démarrage 22/02/2027",Français,Commerce & Management
INSEEC — Rentrée décalée 2027,France,Bordeaux · Chambéry · Lyon · Paris · Beaune · Marseille · Rennes · Toulouse,INSEEC Grande École — programmes de rentrée décalée 2027 (février-mars 2027).,"IMSc - Lyon - M1 - Communication, Publicité & Stratégie Digitale — Lyon",MSc,2 ans (Bac+5),12 090 € – 12 695 €/an,"Comptant 12 090 € | Échelonné 12 695 € — Rentrée décalée 2027, Lyon (Alternance) — Démarrage 22/02/2027",Français,Commerce & Management
INSEEC — Rentrée décalée 2027,France,Bordeaux · Chambéry · Lyon · Paris · Beaune · Marseille · Rennes · Toulouse,INSEEC Grande École — programmes de rentrée décalée 2027 (février-mars 2027).,IMSc - Lyon - M1 - Directeur des Etablissements de Santé — Lyon,MSc,2 ans (Bac+5),12 090 € – 12 695 €/an,"Comptant 12 090 € | Échelonné 12 695 € — Rentrée décalée 2027, Lyon (Alternance) — Démarrage 22/02/2027",Français,Santé & Sciences de la Vie
INSEEC — Rentrée décalée 2027,France,Bordeaux · Chambéry · Lyon · Paris · Beaune · Marseille · Rennes · Toulouse,INSEEC Grande École — programmes de rentrée décalée 2027 (février-mars 2027).,IMSc - Lyon - M1 - Finance d'Entreprise & Ingénierie Financière — Lyon,MSc,2 ans (Bac+5),12 990 € – 13 640 €/an,"Comptant 12 990 € | Échelonné 13 640 € — Rentrée décalée 2027, Lyon (Alternance) — Démarrage 22/02/2027",Français,Commerce & Management
INSEEC — Rentrée décalée 2027,France,Bordeaux · Chambéry · Lyon · Paris · Beaune · Marseille · Rennes · Toulouse,INSEEC Grande École — programmes de rentrée décalée 2027 (février-mars 2027).,IMSc - Lyon - M1 - Gestionnaire de Patrimoine — Lyon,MSc,2 ans (Bac+5),12 090 € – 12 695 €/an,"Comptant 12 090 € | Échelonné 12 695 € — Rentrée décalée 2027, Lyon (Alternance) — Démarrage 22/02/2027",Français,Commerce & Management
INSEEC — Rentrée décalée 2027,France,Bordeaux · Chambéry · Lyon · Paris · Beaune · Marseille · Rennes · Toulouse,INSEEC Grande École — programmes de rentrée décalée 2027 (février-mars 2027).,IMSc - Lyon - M1 - Management de Projet & Ingénierie Commerciale — Lyon,MSc,2 ans (Bac+5),12 090 € – 12 695 €/an,"Comptant 12 090 € | Échelonné 12 695 € — Rentrée décalée 2027, Lyon (Alternance) — Démarrage 22/02/2027",Français,Commerce & Management
INSEEC — Rentrée décalée 2027,France,Bordeaux · Chambéry · Lyon · Paris · Beaune · Marseille · Rennes · Toulouse,INSEEC Grande École — programmes de rentrée décalée 2027 (février-mars 2027).,"IMSc - Lyon - M1 - Management, Conseil & Stratégie — Lyon",MSc,2 ans (Bac+5),12 090 € – 12 695 €/an,"Comptant 12 090 € | Échelonné 12 695 € — Rentrée décalée 2027, Lyon (Alternance) — Démarrage 22/02/2027",Français,Commerce & Management
INSEEC — Rentrée décalée 2027,France,Bordeaux · Chambéry · Lyon · Paris · Beaune · Marseille · Rennes · Toulouse,INSEEC Grande École — programmes de rentrée décalée 2027 (février-mars 2027).,IMSc - Lyon - M1 - Manager des Ressources Humaines — Lyon,MSc,2 ans (Bac+5),12 090 € – 12 695 €/an,"Comptant 12 090 € | Échelonné 12 695 € — Rentrée décalée 2027, Lyon (Alternance) — Démarrage 22/02/2027",Français,Commerce & Management
INSEEC — Rentrée décalée 2027,France,Bordeaux · Chambéry · Lyon · Paris · Beaune · Marseille · Rennes · Toulouse,INSEEC Grande École — programmes de rentrée décalée 2027 (février-mars 2027).,IMSc - Lyon - M1 - Manager en Data Marketing — Lyon,MSc,2 ans (Bac+5),12 090 € – 12 695 €/an,"Comptant 12 090 € | Échelonné 12 695 € — Rentrée décalée 2027, Lyon (Alternance) — Démarrage 22/02/2027",Français,Informatique & IA
INSEEC — Rentrée décalée 2027,France,Bordeaux · Chambéry · Lyon · Paris · Beaune · Marseille · Rennes · Toulouse,INSEEC Grande École — programmes de rentrée décalée 2027 (février-mars 2027).,IMSc - Lyon - M1 - Marketing Digital & E-Commerce — Lyon,MSc,2 ans (Bac+5),12 090 € – 12 695 €/an,"Comptant 12 090 € | Échelonné 12 695 € — Rentrée décalée 2027, Lyon (Alternance) — Démarrage 22/02/2027",Français,Commerce & Management
INSEEC — Rentrée décalée 2027,France,Bordeaux · Chambéry · Lyon · Paris · Beaune · Marseille · Rennes · Toulouse,INSEEC Grande École — programmes de rentrée décalée 2027 (février-mars 2027).,"IMSc - Lyon - M1 - Marketing, Communication & Stratégie de Marque — Lyon",MSc,2 ans (Bac+5),12 090 € – 12 695 €/an,"Comptant 12 090 € | Échelonné 12 695 € — Rentrée décalée 2027, Lyon (Alternance) — Démarrage 22/02/2027",Français,Commerce & Management
INSEEC — Rentrée décalée 2027,France,Bordeaux · Chambéry · Lyon · Paris · Beaune · Marseille · Rennes · Toulouse,INSEEC Grande École — programmes de rentrée décalée 2027 (février-mars 2027).,IMSc - Marseille - M1 - Audit & Contrôle de Gestion — Marseille,MSc,2 ans (Bac+5),12 990 € – 13 640 €/an,"Comptant 12 990 € | Échelonné 13 640 € — Rentrée décalée 2027, Marseille (Alternance) — Démarrage 22/02/2027",Français,Commerce & Management
INSEEC — Rentrée décalée 2027,France,Bordeaux · Chambéry · Lyon · Paris · Beaune · Marseille · Rennes · Toulouse,INSEEC Grande École — programmes de rentrée décalée 2027 (février-mars 2027).,IMSc - Marseille - M1 - Business Development - Trade Marketing & Distribution — Marseille,MSc,2 ans (Bac+5),12 090 € – 12 695 €/an,"Comptant 12 090 € | Échelonné 12 695 € — Rentrée décalée 2027, Marseille (Alternance) — Démarrage 22/02/2027",Français,Commerce & Management
INSEEC — Rentrée décalée 2027,France,Bordeaux · Chambéry · Lyon · Paris · Beaune · Marseille · Rennes · Toulouse,INSEEC Grande École — programmes de rentrée décalée 2027 (février-mars 2027).,IMSc - Marseille - M1 - Business Development & Ingénierie d'Affaires — Marseille,MSc,2 ans (Bac+5),12 090 € – 12 695 €/an,"Comptant 12 090 € | Échelonné 12 695 € — Rentrée décalée 2027, Marseille (Alternance) — Démarrage 22/02/2027",Français,Commerce & Management
INSEEC — Rentrée décalée 2027,France,Bordeaux · Chambéry · Lyon · Paris · Beaune · Marseille · Rennes · Toulouse,INSEEC Grande École — programmes de rentrée décalée 2027 (février-mars 2027).,IMSc - Marseille - M1 - Finance d'Entreprise & Ingénierie Financière — Marseille,MSc,2 ans (Bac+5),12 990 € – 13 640 €/an,"Comptant 12 990 € | Échelonné 13 640 € — Rentrée décalée 2027, Marseille (Alternance) — Démarrage 22/02/2027",Français,Commerce & Management
INSEEC — Rentrée décalée 2027,France,Bordeaux · Chambéry · Lyon · Paris · Beaune · Marseille · Rennes · Toulouse,INSEEC Grande École — programmes de rentrée décalée 2027 (février-mars 2027).,"IMSc - Marseille - M1 - Manager Financier, Banque & Assurance — Marseille",MSc,2 ans (Bac+5),12 090 € – 12 695 €/an,"Comptant 12 090 € | Échelonné 12 695 € — Rentrée décalée 2027, Marseille (Alternance) — Démarrage 22/02/2027",Français,Commerce & Management
INSEEC — Rentrée décalée 2027,France,Bordeaux · Chambéry · Lyon · Paris · Beaune · Marseille · Rennes · Toulouse,INSEEC Grande École — programmes de rentrée décalée 2027 (février-mars 2027).,"IMSc - Marseille - M1 - Marketing, Communication & Stratégie de Marque — Marseille",MSc,2 ans (Bac+5),12 090 € – 12 695 €/an,"Comptant 12 090 € | Échelonné 12 695 € — Rentrée décalée 2027, Marseille (Alternance) — Démarrage 22/02/2027",Français,Commerce & Management
INSEEC — Rentrée décalée 2027,France,Bordeaux · Chambéry · Lyon · Paris · Beaune · Marseille · Rennes · Toulouse,INSEEC Grande École — programmes de rentrée décalée 2027 (février-mars 2027).,IMSc - Paris - M1 - Audit & Contrôle de Gestion — Paris,MSc,2 ans (Bac+5),12 990 € – 13 640 €/an,"Comptant 12 990 € | Échelonné 13 640 € — Rentrée décalée 2027, Paris (Alternance) — Démarrage 24/02/2027",Français,Commerce & Management
INSEEC — Rentrée décalée 2027,France,Bordeaux · Chambéry · Lyon · Paris · Beaune · Marseille · Rennes · Toulouse,INSEEC Grande École — programmes de rentrée décalée 2027 (février-mars 2027).,IMSc - Paris - M1 - Business Development & Ingénierie d'Affaires — Paris,MSc,2 ans (Bac+5),12 090 € – 12 695 €/an,"Comptant 12 090 € | Échelonné 12 695 € — Rentrée décalée 2027, Paris (Alternance) — Démarrage 22/02/2027",Français,Commerce & Management
INSEEC — Rentrée décalée 2027,France,Bordeaux · Chambéry · Lyon · Paris · Beaune · Marseille · Rennes · Toulouse,INSEEC Grande École — programmes de rentrée décalée 2027 (février-mars 2027).,IMSc - Paris - M1 - Directeur des Etablissements de Santé — Paris,MSc,2 ans (Bac+5),12 090 € – 12 695 €/an,"Comptant 12 090 € | Échelonné 12 695 € — Rentrée décalée 2027, Paris (Alternance) — Démarrage 24/02/2027",Français,Santé & Sciences de la Vie
INSEEC — Rentrée décalée 2027,France,Bordeaux · Chambéry · Lyon · Paris · Beaune · Marseille · Rennes · Toulouse,INSEEC Grande École — programmes de rentrée décalée 2027 (février-mars 2027).,IMSc - Paris - M1 - Finance d'Entreprise & Ingénierie Financière — Paris,MSc,2 ans (Bac+5),12 090 € – 12 695 €/an,"Comptant 12 090 € | Échelonné 12 695 € — Rentrée décalée 2027, Paris (Alternance) — Démarrage 24/02/2027",Français,Commerce & Management
INSEEC — Rentrée décalée 2027,France,Bordeaux · Chambéry · Lyon · Paris · Beaune · Marseille · Rennes · Toulouse,INSEEC Grande École — programmes de rentrée décalée 2027 (février-mars 2027).,IMSc - Paris - M1 - Gestionnaire de Patrimoine — Paris,MSc,2 ans (Bac+5),12 090 € – 12 695 €/an,"Comptant 12 090 € | Échelonné 12 695 € — Rentrée décalée 2027, Paris (Alternance) — Démarrage 24/02/2027",Français,Commerce & Management
INSEEC — Rentrée décalée 2027,France,Bordeaux · Chambéry · Lyon · Paris · Beaune · Marseille · Rennes · Toulouse,INSEEC Grande École — programmes de rentrée décalée 2027 (février-mars 2027).,IMSc - Paris - M1 - Management de Projet & Ingénierie Commerciale — Paris,MSc,2 ans (Bac+5),12 090 € – 12 695 €/an,"Comptant 12 090 € | Échelonné 12 695 € — Rentrée décalée 2027, Paris (Alternance) — Démarrage 22/02/2027",Français,Commerce & Management
INSEEC — Rentrée décalée 2027,France,Bordeaux · Chambéry · Lyon · Paris · Beaune · Marseille · Rennes · Toulouse,INSEEC Grande École — programmes de rentrée décalée 2027 (février-mars 2027).,IMSc - Paris - M1 - Manager des Ressources Humaines — Paris,MSc,2 ans (Bac+5),12 090 € – 12 695 €/an,"Comptant 12 090 € | Échelonné 12 695 € — Rentrée décalée 2027, Paris (Alternance) — Démarrage 24/02/2027",Français,Commerce & Management
INSEEC — Rentrée décalée 2027,France,Bordeaux · Chambéry · Lyon · Paris · Beaune · Marseille · Rennes · Toulouse,INSEEC Grande École — programmes de rentrée décalée 2027 (février-mars 2027).,IMSc - Paris - M1 - Manager en Data Marketing — Paris,MSc,2 ans (Bac+5),12 090 € – 12 695 €/an,"Comptant 12 090 € | Échelonné 12 695 € — Rentrée décalée 2027, Paris (Alternance) — Démarrage 24/02/2027",Français,Informatique & IA
INSEEC — Rentrée décalée 2027,France,Bordeaux · Chambéry · Lyon · Paris · Beaune · Marseille · Rennes · Toulouse,INSEEC Grande École — programmes de rentrée décalée 2027 (février-mars 2027).,IMSc - Paris - M1 - Marketing Digital & E-Commerce — Paris,MSc,2 ans (Bac+5),12 090 € – 12 695 €/an,"Comptant 12 090 € | Échelonné 12 695 € — Rentrée décalée 2027, Paris (Alternance) — Démarrage 24/02/2027",Français,Commerce & Management
INSEEC — Rentrée décalée 2027,France,Bordeaux · Chambéry · Lyon · Paris · Beaune · Marseille · Rennes · Toulouse,INSEEC Grande École — programmes de rentrée décalée 2027 (février-mars 2027).,"IMSc - Paris - M1 - Marketing, Communication & Stratégie de Marque — Paris",MSc,2 ans (Bac+5),12 090 € – 12 695 €/an,"Comptant 12 090 € | Échelonné 12 695 € — Rentrée décalée 2027, Paris (Alternance) — Démarrage 22/02/2027",Français,Commerce & Management
INSEEC — Rentrée décalée 2027,France,Bordeaux · Chambéry · Lyon · Paris · Beaune · Marseille · Rennes · Toulouse,INSEEC Grande École — programmes de rentrée décalée 2027 (février-mars 2027).,IMSc - Rennes - M1 - Audit & Contrôle de Gestion — Rennes,MSc,2 ans (Bac+5),12 990 € – 13 640 €/an,"Comptant 12 990 € | Échelonné 13 640 € — Rentrée décalée 2027, Rennes (Alternance) — Démarrage 22/02/2027",Français,Commerce & Management
INSEEC — Rentrée décalée 2027,France,Bordeaux · Chambéry · Lyon · Paris · Beaune · Marseille · Rennes · Toulouse,INSEEC Grande École — programmes de rentrée décalée 2027 (février-mars 2027).,IMSc - Rennes - M1 - Business Development & Ingénierie d'Affaires — Rennes,MSc,2 ans (Bac+5),12 090 € – 12 695 €/an,"Comptant 12 090 € | Échelonné 12 695 € — Rentrée décalée 2027, Rennes (Alternance) — Démarrage 22/02/2027",Français,Commerce & Management
INSEEC — Rentrée décalée 2027,France,Bordeaux · Chambéry · Lyon · Paris · Beaune · Marseille · Rennes · Toulouse,INSEEC Grande École — programmes de rentrée décalée 2027 (février-mars 2027).,"IMSc - Rennes - M1 - Management, Conseil & Stratégie — Rennes",MSc,2 ans (Bac+5),12 090 € – 12 695 €/an,"Comptant 12 090 € | Échelonné 12 695 € — Rentrée décalée 2027, Rennes (Alternance) — Démarrage 22/02/2027",Français,Commerce & Management
INSEEC — Rentrée décalée 2027,France,Bordeaux · Chambéry · Lyon · Paris · Beaune · Marseille · Rennes · Toulouse,INSEEC Grande École — programmes de rentrée décalée 2027 (février-mars 2027).,IMSc - Rennes - M1 - Manager des Ressources Humaines — Rennes,MSc,2 ans (Bac+5),12 090 € – 12 695 €/an,"Comptant 12 090 € | Échelonné 12 695 € — Rentrée décalée 2027, Rennes (Alternance) — Démarrage 22/02/2027",Français,Commerce & Management
INSEEC — Rentrée décalée 2027,France,Bordeaux · Chambéry · Lyon · Paris · Beaune · Marseille · Rennes · Toulouse,INSEEC Grande École — programmes de rentrée décalée 2027 (février-mars 2027).,IMSc - Rennes - M1 - Marketing Digital & E-Commerce — Rennes,MSc,2 ans (Bac+5),12 090 € – 12 695 €/an,"Comptant 12 090 € | Échelonné 12 695 € — Rentrée décalée 2027, Rennes (Alternance) — Démarrage 22/02/2027",Français,Commerce & Management
INSEEC — Rentrée décalée 2027,France,Bordeaux · Chambéry · Lyon · Paris · Beaune · Marseille · Rennes · Toulouse,INSEEC Grande École — programmes de rentrée décalée 2027 (février-mars 2027).,"IMSc - Rennes - M1 - Marketing, Communication & Stratégie de Marque — Rennes",MSc,2 ans (Bac+5),12 090 € – 12 695 €/an,"Comptant 12 090 € | Échelonné 12 695 € — Rentrée décalée 2027, Rennes (Alternance) — Démarrage 22/02/2027",Français,Commerce & Management
INSEEC — Rentrée décalée 2027,France,Bordeaux · Chambéry · Lyon · Paris · Beaune · Marseille · Rennes · Toulouse,INSEEC Grande École — programmes de rentrée décalée 2027 (février-mars 2027).,IMSc - Toulouse - M1 - Audit & Contrôle de Gestion — Toulouse,MSc,2 ans (Bac+5),12 990 € – 13 640 €/an,"Comptant 12 990 € | Échelonné 13 640 € — Rentrée décalée 2027, Toulouse (Alternance) — Démarrage 22/02/2027",Français,Commerce & Management
INSEEC — Rentrée décalée 2027,France,Bordeaux · Chambéry · Lyon · Paris · Beaune · Marseille · Rennes · Toulouse,INSEEC Grande École — programmes de rentrée décalée 2027 (février-mars 2027).,IMSc - Toulouse - M1 - Business Development & Ingénierie d'Affaires — Toulouse,MSc,2 ans (Bac+5),12 090 € – 12 695 €/an,"Comptant 12 090 € | Échelonné 12 695 € — Rentrée décalée 2027, Toulouse (Alternance) — Démarrage 22/02/2027",Français,Commerce & Management
INSEEC — Rentrée décalée 2027,France,Bordeaux · Chambéry · Lyon · Paris · Beaune · Marseille · Rennes · Toulouse,INSEEC Grande École — programmes de rentrée décalée 2027 (février-mars 2027).,IMSc - Toulouse - M1 - Management de Projet & Ingénierie Commerciale — Toulouse,MSc,2 ans (Bac+5),12 090 € – 12 695 €/an,"Comptant 12 090 € | Échelonné 12 695 € — Rentrée décalée 2027, Toulouse (Alternance) — Démarrage 22/02/2027",Français,Commerce & Management
INSEEC — Rentrée décalée 2027,France,Bordeaux · Chambéry · Lyon · Paris · Beaune · Marseille · Rennes · Toulouse,INSEEC Grande École — programmes de rentrée décalée 2027 (février-mars 2027).,"IMSc - Toulouse - M1 - Management, Conseil & Stratégie — Toulouse",MSc,2 ans (Bac+5),12 090 € – 12 695 €/an,"Comptant 12 090 € | Échelonné 12 695 € — Rentrée décalée 2027, Toulouse (Alternance) — Démarrage 22/02/2027",Français,Commerce & Management
INSEEC — Rentrée décalée 2027,France,Bordeaux · Chambéry · Lyon · Paris · Beaune · Marseille · Rennes · Toulouse,INSEEC Grande École — programmes de rentrée décalée 2027 (février-mars 2027).,IMSc - Toulouse - M1 - Manager des Ressources Humaines — Toulouse,MSc,2 ans (Bac+5),12 090 € – 12 695 €/an,"Comptant 12 090 € | Échelonné 12 695 € — Rentrée décalée 2027, Toulouse (Alternance) — Démarrage 22/02/2027",Français,Commerce & Management
INSEEC — Rentrée décalée 2027,France,Bordeaux · Chambéry · Lyon · Paris · Beaune · Marseille · Rennes · Toulouse,INSEEC Grande École — programmes de rentrée décalée 2027 (février-mars 2027).,"IMSc - Toulouse - M1 - Marketing, Communication & Stratégie de Marque — Toulouse",MSc,2 ans (Bac+5),12 090 € – 12 695 €/an,"Comptant 12 090 € | Échelonné 12 695 € — Rentrée décalée 2027, Toulouse (Alternance) — Démarrage 22/02/2027",Français,Commerce & Management
INSEEC — Rentrée décalée 2027,France,Bordeaux · Chambéry · Lyon · Paris · Beaune · Marseille · Rennes · Toulouse,INSEEC Grande École — programmes de rentrée décalée 2027 (février-mars 2027).,IMSc - Bordeaux - M2 - Analyse Financière Internationale — Bordeaux,MSc,1 an (M2),12 990 € – 13 640 €/an,"Comptant 12 990 € | Échelonné 13 640 € — Rentrée décalée 2027, Bordeaux (Alternance) — Démarrage 22/03/2027",Français,Commerce & Management
INSEEC — Rentrée décalée 2027,France,Bordeaux · Chambéry · Lyon · Paris · Beaune · Marseille · Rennes · Toulouse,INSEEC Grande École — programmes de rentrée décalée 2027 (février-mars 2027).,IMSc - Bordeaux - M2 - Audit & Contrôle de Gestion — Bordeaux,MSc,1 an (M2),12 990 € – 13 640 €/an,"Comptant 12 990 € | Échelonné 13 640 € — Rentrée décalée 2027, Bordeaux (Alternance) — Démarrage 22/03/2027",Français,Commerce & Management
INSEEC — Rentrée décalée 2027,France,Bordeaux · Chambéry · Lyon · Paris · Beaune · Marseille · Rennes · Toulouse,INSEEC Grande École — programmes de rentrée décalée 2027 (février-mars 2027).,IMSc - Bordeaux - M2 - Banque d'Affaires & Ingénierie Financière — Bordeaux,MSc,1 an (M2),12 990 € – 13 640 €/an,"Comptant 12 990 € | Échelonné 13 640 € — Rentrée décalée 2027, Bordeaux (Alternance) — Démarrage 22/03/2027",Français,Commerce & Management
INSEEC — Rentrée décalée 2027,France,Bordeaux · Chambéry · Lyon · Paris · Beaune · Marseille · Rennes · Toulouse,INSEEC Grande École — programmes de rentrée décalée 2027 (février-mars 2027).,IMSc - Bordeaux - M2 - Business Development - Trade Marketing & Distribution — Bordeaux,MSc,1 an (M2),14 150 € – 14 858 €/an,"Comptant 14 150 € | Échelonné 14 858 € — Rentrée décalée 2027, Bordeaux (Alternance) — Démarrage 22/03/2027",Français,Commerce & Management
INSEEC — Rentrée décalée 2027,France,Bordeaux · Chambéry · Lyon · Paris · Beaune · Marseille · Rennes · Toulouse,INSEEC Grande École — programmes de rentrée décalée 2027 (février-mars 2027).,IMSc - Bordeaux - M2 - Business Development & Ingénierie d'Affaires — Bordeaux,MSc,1 an (M2),14 150 € – 14 858 €/an,"Comptant 14 150 € | Échelonné 14 858 € — Rentrée décalée 2027, Bordeaux (Alternance) — Démarrage 22/03/2027",Français,Commerce & Management
INSEEC — Rentrée décalée 2027,France,Bordeaux · Chambéry · Lyon · Paris · Beaune · Marseille · Rennes · Toulouse,INSEEC Grande École — programmes de rentrée décalée 2027 (février-mars 2027).,"IMSc - Bordeaux - M2 - Communication, Marketing d'Influence & RP — Bordeaux",MSc,1 an (M2),14 150 € – 14 858 €/an,"Comptant 14 150 € | Échelonné 14 858 € — Rentrée décalée 2027, Bordeaux (Alternance) — Démarrage 22/03/2027",Français,Commerce & Management
INSEEC — Rentrée décalée 2027,France,Bordeaux · Chambéry · Lyon · Paris · Beaune · Marseille · Rennes · Toulouse,INSEEC Grande École — programmes de rentrée décalée 2027 (février-mars 2027).,"IMSc - Bordeaux - M2 - Communication, Publicité & Stratégie Digitale — Bordeaux",MSc,1 an (M2),14 150 € – 14 858 €/an,"Comptant 14 150 € | Échelonné 14 858 € — Rentrée décalée 2027, Bordeaux (Alternance) — Démarrage 22/03/2027",Français,Commerce & Management
INSEEC — Rentrée décalée 2027,France,Bordeaux · Chambéry · Lyon · Paris · Beaune · Marseille · Rennes · Toulouse,INSEEC Grande École — programmes de rentrée décalée 2027 (février-mars 2027).,IMSc - Bordeaux - M2 - Directeur des Etablissements de Santé — Bordeaux,MSc,1 an (M2),14 150 € – 14 858 €/an,"Comptant 14 150 € | Échelonné 14 858 € — Rentrée décalée 2027, Bordeaux (Alternance) — Démarrage 22/03/2027",Français,Santé & Sciences de la Vie
INSEEC — Rentrée décalée 2027,France,Bordeaux · Chambéry · Lyon · Paris · Beaune · Marseille · Rennes · Toulouse,INSEEC Grande École — programmes de rentrée décalée 2027 (février-mars 2027).,IMSc - Bordeaux - M2 - Expert en management immobilier — Bordeaux,MSc,1 an (M2),14 150 € – 14 858 €/an,"Comptant 14 150 € | Échelonné 14 858 € — Rentrée décalée 2027, Bordeaux (Alternance) — Démarrage 22/03/2027",Français,Commerce & Management
INSEEC — Rentrée décalée 2027,France,Bordeaux · Chambéry · Lyon · Paris · Beaune · Marseille · Rennes · Toulouse,INSEEC Grande École — programmes de rentrée décalée 2027 (février-mars 2027).,IMSc - Bordeaux - M2 - Finance d'Entreprise & Ingénierie Financière — Bordeaux,MSc,1 an (M2),12 990 € – 13 640 €/an,"Comptant 12 990 € | Échelonné 13 640 € — Rentrée décalée 2027, Bordeaux (Alternance) — Démarrage 22/03/2027",Français,Commerce & Management
INSEEC — Rentrée décalée 2027,France,Bordeaux · Chambéry · Lyon · Paris · Beaune · Marseille · Rennes · Toulouse,INSEEC Grande École — programmes de rentrée décalée 2027 (février-mars 2027).,"IMSc - Bordeaux - M2 - Fiscalité, Droit des Affaires, Conseil & Gestion d'Entreprise — Bordeaux",MSc,1 an (M2),14 150 € – 14 858 €/an,"Comptant 14 150 € | Échelonné 14 858 € — Rentrée décalée 2027, Bordeaux (Alternance) — Démarrage 22/03/2027",Français,Commerce & Management
INSEEC — Rentrée décalée 2027,France,Bordeaux · Chambéry · Lyon · Paris · Beaune · Marseille · Rennes · Toulouse,INSEEC Grande École — programmes de rentrée décalée 2027 (février-mars 2027).,IMSc - Bordeaux - M2 - Gestionnaire de Patrimoine — Bordeaux,MSc,1 an (M2),14 150 € – 14 858 €/an,"Comptant 14 150 € | Échelonné 14 858 € — Rentrée décalée 2027, Bordeaux (Alternance) — Démarrage 22/03/2027",Français,Commerce & Management
INSEEC — Rentrée décalée 2027,France,Bordeaux · Chambéry · Lyon · Paris · Beaune · Marseille · Rennes · Toulouse,INSEEC Grande École — programmes de rentrée décalée 2027 (février-mars 2027).,IMSc - Bordeaux - M2 - Management de Projet & Ingénierie Commerciale — Bordeaux,MSc,1 an (M2),14 150 € – 14 858 €/an,"Comptant 14 150 € | Échelonné 14 858 € — Rentrée décalée 2027, Bordeaux (Alternance) — Démarrage 22/03/2027",Français,Commerce & Management
INSEEC — Rentrée décalée 2027,France,Bordeaux · Chambéry · Lyon · Paris · Beaune · Marseille · Rennes · Toulouse,INSEEC Grande École — programmes de rentrée décalée 2027 (février-mars 2027).,"IMSc - Bordeaux - M2 - Management, Conseil & Stratégie — Bordeaux",MSc,1 an (M2),14 150 € – 14 858 €/an,"Comptant 14 150 € | Échelonné 14 858 € — Rentrée décalée 2027, Bordeaux (Alternance) — Démarrage 22/03/2027",Français,Commerce & Management
INSEEC — Rentrée décalée 2027,France,Bordeaux · Chambéry · Lyon · Paris · Beaune · Marseille · Rennes · Toulouse,INSEEC Grande École — programmes de rentrée décalée 2027 (février-mars 2027).,IMSc - Bordeaux - M2 - Manager des Ressources Humaines — Bordeaux,MSc,1 an (M2),14 150 € – 14 858 €/an,"Comptant 14 150 € | Échelonné 14 858 € — Rentrée décalée 2027, Bordeaux (Alternance) — Démarrage 22/03/2027",Français,Commerce & Management
INSEEC — Rentrée décalée 2027,France,Bordeaux · Chambéry · Lyon · Paris · Beaune · Marseille · Rennes · Toulouse,INSEEC Grande École — programmes de rentrée décalée 2027 (février-mars 2027).,IMSc - Bordeaux - M2 - Manager du Développement Durable & de la Transition Ecologique — Bordeaux,MSc,1 an (M2),14 150 € – 14 858 €/an,"Comptant 14 150 € | Échelonné 14 858 € — Rentrée décalée 2027, Bordeaux (Alternance) — Démarrage 22/03/2027",Français,Commerce & Management
INSEEC — Rentrée décalée 2027,France,Bordeaux · Chambéry · Lyon · Paris · Beaune · Marseille · Rennes · Toulouse,INSEEC Grande École — programmes de rentrée décalée 2027 (février-mars 2027).,IMSc - Bordeaux - M2 - Manager en Data Marketing — Bordeaux,MSc,1 an (M2),14 150 € – 14 858 €/an,"Comptant 14 150 € | Échelonné 14 858 € — Rentrée décalée 2027, Bordeaux (Alternance) — Démarrage 22/03/2027",Français,Informatique & IA
INSEEC — Rentrée décalée 2027,France,Bordeaux · Chambéry · Lyon · Paris · Beaune · Marseille · Rennes · Toulouse,INSEEC Grande École — programmes de rentrée décalée 2027 (février-mars 2027).,"IMSc - Bordeaux - M2 - Manager Financier, Banque & Assurance — Bordeaux",MSc,1 an (M2),12 990 € – 13 640 €/an,"Comptant 12 990 € | Échelonné 13 640 € — Rentrée décalée 2027, Bordeaux (Alternance) — Démarrage 22/03/2027",Français,Commerce & Management
INSEEC — Rentrée décalée 2027,France,Bordeaux · Chambéry · Lyon · Paris · Beaune · Marseille · Rennes · Toulouse,INSEEC Grande École — programmes de rentrée décalée 2027 (février-mars 2027).,IMSc - Bordeaux - M2 - Marketing Digital & E-Commerce — Bordeaux,MSc,1 an (M2),14 150 € – 14 858 €/an,"Comptant 14 150 € | Échelonné 14 858 € — Rentrée décalée 2027, Bordeaux (Alternance) — Démarrage 22/03/2027",Français,Commerce & Management
INSEEC — Rentrée décalée 2027,France,Bordeaux · Chambéry · Lyon · Paris · Beaune · Marseille · Rennes · Toulouse,INSEEC Grande École — programmes de rentrée décalée 2027 (février-mars 2027).,"IMSc - Bordeaux - M2 - Marketing, Communication & Stratégie de Marque — Bordeaux",MSc,1 an (M2),14 150 € – 14 858 €/an,"Comptant 14 150 € | Échelonné 14 858 € — Rentrée décalée 2027, Bordeaux (Alternance) — Démarrage 22/03/2027",Français,Commerce & Management
INSEEC — Rentrée décalée 2027,France,Bordeaux · Chambéry · Lyon · Paris · Beaune · Marseille · Rennes · Toulouse,INSEEC Grande École — programmes de rentrée décalée 2027 (février-mars 2027).,IMSc - Lyon - M2 - Analyse Financière Internationale — Lyon,MSc,1 an (M2),14 690 € – 15 425 €/an,"Comptant 14 690 € | Échelonné 15 425 € — Rentrée décalée 2027, Lyon (Alternance) — Démarrage 22/03/2027",Français,Commerce & Management
INSEEC — Rentrée décalée 2027,France,Bordeaux · Chambéry · Lyon · Paris · Beaune · Marseille · Rennes · Toulouse,INSEEC Grande École — programmes de rentrée décalée 2027 (février-mars 2027).,IMSc - Lyon - M2 - Audit & Contrôle de Gestion — Lyon,MSc,1 an (M2),14 690 € – 15 425 €/an,"Comptant 14 690 € | Échelonné 15 425 € — Rentrée décalée 2027, Lyon (Alternance) — Démarrage 22/03/2027",Français,Commerce & Management
INSEEC — Rentrée décalée 2027,France,Bordeaux · Chambéry · Lyon · Paris · Beaune · Marseille · Rennes · Toulouse,INSEEC Grande École — programmes de rentrée décalée 2027 (février-mars 2027).,IMSc - Lyon - M2 - Business Development & Ingénierie d'Affaires — Lyon,MSc,1 an (M2),14 150 € – 14 858 €/an,"Comptant 14 150 € | Échelonné 14 858 € — Rentrée décalée 2027, Lyon (Alternance) — Démarrage 22/03/2027",Français,Commerce & Management
INSEEC — Rentrée décalée 2027,France,Bordeaux · Chambéry · Lyon · Paris · Beaune · Marseille · Rennes · Toulouse,INSEEC Grande École — programmes de rentrée décalée 2027 (février-mars 2027).,"IMSc - Lyon - M2 - Communication, Marketing d'Influence & RP — Lyon",MSc,1 an (M2),14 150 € – 14 858 €/an,"Comptant 14 150 € | Échelonné 14 858 € — Rentrée décalée 2027, Lyon (Alternance) — Démarrage 22/03/2027",Français,Commerce & Management
INSEEC — Rentrée décalée 2027,France,Bordeaux · Chambéry · Lyon · Paris · Beaune · Marseille · Rennes · Toulouse,INSEEC Grande École — programmes de rentrée décalée 2027 (février-mars 2027).,"IMSc - Lyon - M2 - Communication, Publicité & Stratégie Digitale — Lyon",MSc,1 an (M2),14 150 € – 14 858 €/an,"Comptant 14 150 € | Échelonné 14 858 € — Rentrée décalée 2027, Lyon (Alternance) — Démarrage 22/03/2027",Français,Commerce & Management
INSEEC — Rentrée décalée 2027,France,Bordeaux · Chambéry · Lyon · Paris · Beaune · Marseille · Rennes · Toulouse,INSEEC Grande École — programmes de rentrée décalée 2027 (février-mars 2027).,IMSc - Lyon - M2 - Directeur des Etablissements de Santé — Lyon,MSc,1 an (M2),14 150 € – 14 858 €/an,"Comptant 14 150 € | Échelonné 14 858 € — Rentrée décalée 2027, Lyon (Alternance) — Démarrage 22/03/2027",Français,Santé & Sciences de la Vie
INSEEC — Rentrée décalée 2027,France,Bordeaux · Chambéry · Lyon · Paris · Beaune · Marseille · Rennes · Toulouse,INSEEC Grande École — programmes de rentrée décalée 2027 (février-mars 2027).,IMSc - Lyon - M2 - Finance d'Entreprise & Ingénierie Financière — Lyon,MSc,1 an (M2),14 690 € – 15 425 €/an,"Comptant 14 690 € | Échelonné 15 425 € — Rentrée décalée 2027, Lyon (Alternance) — Démarrage 22/03/2027",Français,Commerce & Management
INSEEC — Rentrée décalée 2027,France,Bordeaux · Chambéry · Lyon · Paris · Beaune · Marseille · Rennes · Toulouse,INSEEC Grande École — programmes de rentrée décalée 2027 (février-mars 2027).,IMSc - Lyon - M2 - Gestionnaire de Patrimoine — Lyon,MSc,1 an (M2),14 150 € – 14 858 €/an,"Comptant 14 150 € | Échelonné 14 858 € — Rentrée décalée 2027, Lyon (Alternance) — Démarrage 22/03/2027",Français,Commerce & Management
INSEEC — Rentrée décalée 2027,France,Bordeaux · Chambéry · Lyon · Paris · Beaune · Marseille · Rennes · Toulouse,INSEEC Grande École — programmes de rentrée décalée 2027 (février-mars 2027).,IMSc - Lyon - M2 - Management de Projet & Ingénierie Commerciale — Lyon,MSc,1 an (M2),14 150 € – 14 858 €/an,"Comptant 14 150 € | Échelonné 14 858 € — Rentrée décalée 2027, Lyon (Alternance) — Démarrage 22/03/2027",Français,Commerce & Management
INSEEC — Rentrée décalée 2027,France,Bordeaux · Chambéry · Lyon · Paris · Beaune · Marseille · Rennes · Toulouse,INSEEC Grande École — programmes de rentrée décalée 2027 (février-mars 2027).,"IMSc - Lyon - M2 - Management, Conseil & Stratégie — Lyon",MSc,1 an (M2),14 150 € – 14 858 €/an,"Comptant 14 150 € | Échelonné 14 858 € — Rentrée décalée 2027, Lyon (Alternance) — Démarrage 22/03/2027",Français,Commerce & Management
INSEEC — Rentrée décalée 2027,France,Bordeaux · Chambéry · Lyon · Paris · Beaune · Marseille · Rennes · Toulouse,INSEEC Grande École — programmes de rentrée décalée 2027 (février-mars 2027).,IMSc - Lyon - M2 - Manager des Ressources Humaines — Lyon,MSc,1 an (M2),14 150 € – 14 858 €/an,"Comptant 14 150 € | Échelonné 14 858 € — Rentrée décalée 2027, Lyon (Alternance) — Démarrage 22/03/2027",Français,Commerce & Management
INSEEC — Rentrée décalée 2027,France,Bordeaux · Chambéry · Lyon · Paris · Beaune · Marseille · Rennes · Toulouse,INSEEC Grande École — programmes de rentrée décalée 2027 (février-mars 2027).,IMSc - Lyon - M2 - Manager en Data Marketing — Lyon,MSc,1 an (M2),14 150 € – 14 858 €/an,"Comptant 14 150 € | Échelonné 14 858 € — Rentrée décalée 2027, Lyon (Alternance) — Démarrage 22/03/2027",Français,Informatique & IA
INSEEC — Rentrée décalée 2027,France,Bordeaux · Chambéry · Lyon · Paris · Beaune · Marseille · Rennes · Toulouse,INSEEC Grande École — programmes de rentrée décalée 2027 (février-mars 2027).,IMSc - Lyon - M2 - Marketing Digital & E-Commerce — Lyon,MSc,1 an (M2),14 150 € – 14 858 €/an,"Comptant 14 150 € | Échelonné 14 858 € — Rentrée décalée 2027, Lyon (Alternance) — Démarrage 22/03/2027",Français,Commerce & Management
INSEEC — Rentrée décalée 2027,France,Bordeaux · Chambéry · Lyon · Paris · Beaune · Marseille · Rennes · Toulouse,INSEEC Grande École — programmes de rentrée décalée 2027 (février-mars 2027).,IMSc - Lyon - M2 - Marketing du Sport & Expérience Client — Lyon,MSc,1 an (M2),14 150 € – 14 858 €/an,"Comptant 14 150 € | Échelonné 14 858 € — Rentrée décalée 2027, Lyon (Alternance) — Démarrage 22/03/2027",Français,Commerce & Management
INSEEC — Rentrée décalée 2027,France,Bordeaux · Chambéry · Lyon · Paris · Beaune · Marseille · Rennes · Toulouse,INSEEC Grande École — programmes de rentrée décalée 2027 (février-mars 2027).,"IMSc - Lyon - M2 - Marketing, Communication & Stratégie de Marque — Lyon",MSc,1 an (M2),14 150 € – 14 858 €/an,"Comptant 14 150 € | Échelonné 14 858 € — Rentrée décalée 2027, Lyon (Alternance) — Démarrage 22/03/2027",Français,Commerce & Management
INSEEC — Rentrée décalée 2027,France,Bordeaux · Chambéry · Lyon · Paris · Beaune · Marseille · Rennes · Toulouse,INSEEC Grande École — programmes de rentrée décalée 2027 (février-mars 2027).,IMSc - Marseille - M2 - Audit & Contrôle de Gestion — Marseille,MSc,1 an (M2),14 690 € – 15 425 €/an,"Comptant 14 690 € | Échelonné 15 425 € — Rentrée décalée 2027, Marseille (Alternance) — Démarrage 22/03/2027",Français,Commerce & Management
INSEEC — Rentrée décalée 2027,France,Bordeaux · Chambéry · Lyon · Paris · Beaune · Marseille · Rennes · Toulouse,INSEEC Grande École — programmes de rentrée décalée 2027 (février-mars 2027).,IMSc - Marseille - M2  - Business Development - Trade Marketing & Distribution — Marseille,MSc,1 an (M2),14 150 € – 14 858 €/an,"Comptant 14 150 € | Échelonné 14 858 € — Rentrée décalée 2027, Marseille (Alternance) — Démarrage 22/03/2027",Français,Commerce & Management
INSEEC — Rentrée décalée 2027,France,Bordeaux · Chambéry · Lyon · Paris · Beaune · Marseille · Rennes · Toulouse,INSEEC Grande École — programmes de rentrée décalée 2027 (février-mars 2027).,IMSc - Marseille - M2 - Business Development & Ingénierie d'Affaires — Marseille,MSc,1 an (M2),14 150 € – 14 858 €/an,"Comptant 14 150 € | Échelonné 14 858 € — Rentrée décalée 2027, Marseille (Alternance) — Démarrage 22/03/2027",Français,Commerce & Management
INSEEC — Rentrée décalée 2027,France,Bordeaux · Chambéry · Lyon · Paris · Beaune · Marseille · Rennes · Toulouse,INSEEC Grande École — programmes de rentrée décalée 2027 (février-mars 2027).,"IMSc - Marseille - M2 - Communication, Publicité & Stratégie Digitale — Marseille",MSc,1 an (M2),14 150 € – 14 858 €/an,"Comptant 14 150 € | Échelonné 14 858 € — Rentrée décalée 2027, Marseille (Alternance) — Démarrage 22/03/2027",Français,Commerce & Management
INSEEC — Rentrée décalée 2027,France,Bordeaux · Chambéry · Lyon · Paris · Beaune · Marseille · Rennes · Toulouse,INSEEC Grande École — programmes de rentrée décalée 2027 (février-mars 2027).,IMSc - Marseille - M2 - Directeur des Etablissements de Santé — Marseille,MSc,1 an (M2),14 150 € – 14 858 €/an,"Comptant 14 150 € | Échelonné 14 858 € — Rentrée décalée 2027, Marseille (Alternance) — Démarrage 22/03/2027",Français,Santé & Sciences de la Vie
INSEEC — Rentrée décalée 2027,France,Bordeaux · Chambéry · Lyon · Paris · Beaune · Marseille · Rennes · Toulouse,INSEEC Grande École — programmes de rentrée décalée 2027 (février-mars 2027).,IMSc - Marseille - M2 - Finance d'Entreprise & Ingénierie Financière — Marseille,MSc,1 an (M2),14 690 € – 15 425 €/an,"Comptant 14 690 € | Échelonné 15 425 € — Rentrée décalée 2027, Marseille (Alternance) — Démarrage 22/03/2027",Français,Commerce & Management
INSEEC — Rentrée décalée 2027,France,Bordeaux · Chambéry · Lyon · Paris · Beaune · Marseille · Rennes · Toulouse,INSEEC Grande École — programmes de rentrée décalée 2027 (février-mars 2027).,IMSc - Marseille - M2 - Gestionnaire de Patrimoine — Marseille,MSc,1 an (M2),14 150 € – 14 858 €/an,"Comptant 14 150 € | Échelonné 14 858 € — Rentrée décalée 2027, Marseille (Alternance) — Démarrage 22/03/2027",Français,Commerce & Management
INSEEC — Rentrée décalée 2027,France,Bordeaux · Chambéry · Lyon · Paris · Beaune · Marseille · Rennes · Toulouse,INSEEC Grande École — programmes de rentrée décalée 2027 (février-mars 2027).,"IMSc - Marseille - M2 - Management, Conseil & Stratégie — Marseille",MSc,1 an (M2),14 150 € – 14 858 €/an,"Comptant 14 150 € | Échelonné 14 858 € — Rentrée décalée 2027, Marseille (Alternance) — Démarrage 22/03/2027",Français,Commerce & Management
INSEEC — Rentrée décalée 2027,France,Bordeaux · Chambéry · Lyon · Paris · Beaune · Marseille · Rennes · Toulouse,INSEEC Grande École — programmes de rentrée décalée 2027 (février-mars 2027).,IMSc - Marseille - M2 - Manager des Ressources Humaines — Marseille,MSc,1 an (M2),14 150 € – 14 858 €/an,"Comptant 14 150 € | Échelonné 14 858 € — Rentrée décalée 2027, Marseille (Alternance) — Démarrage 22/03/2027",Français,Commerce & Management
INSEEC — Rentrée décalée 2027,France,Bordeaux · Chambéry · Lyon · Paris · Beaune · Marseille · Rennes · Toulouse,INSEEC Grande École — programmes de rentrée décalée 2027 (février-mars 2027).,"IMSc - Marseille - M2 - Marketing, Communication & Stratégie de Marque — Marseille",MSc,1 an (M2),14 150 € – 14 858 €/an,"Comptant 14 150 € | Échelonné 14 858 € — Rentrée décalée 2027, Marseille (Alternance) — Démarrage 22/03/2027",Français,Commerce & Management
INSEEC — Rentrée décalée 2027,France,Bordeaux · Chambéry · Lyon · Paris · Beaune · Marseille · Rennes · Toulouse,INSEEC Grande École — programmes de rentrée décalée 2027 (février-mars 2027).,IMSc - Paris - M2 - Analyse Financière Internationale — Paris,MSc,1 an (M2),14 690 € – 15 425 €/an,"Comptant 14 690 € | Échelonné 15 425 € — Rentrée décalée 2027, Paris (Alternance) — Démarrage 22/03/2027",Français,Commerce & Management
INSEEC — Rentrée décalée 2027,France,Bordeaux · Chambéry · Lyon · Paris · Beaune · Marseille · Rennes · Toulouse,INSEEC Grande École — programmes de rentrée décalée 2027 (février-mars 2027).,IMSc - Paris - M2 - Audit & Contrôle de Gestion — Paris,MSc,1 an (M2),14 690 € – 15 425 €/an,"Comptant 14 690 € | Échelonné 15 425 € — Rentrée décalée 2027, Paris (Alternance) — Démarrage 03/03/2027",Français,Commerce & Management
INSEEC — Rentrée décalée 2027,France,Bordeaux · Chambéry · Lyon · Paris · Beaune · Marseille · Rennes · Toulouse,INSEEC Grande École — programmes de rentrée décalée 2027 (février-mars 2027).,IMSc - Paris - M2 - Banque d'Affaires & Ingénierie Financière — Paris,MSc,1 an (M2),14 690 € – 15 425 €/an,"Comptant 14 690 € | Échelonné 15 425 € — Rentrée décalée 2027, Paris (Alternance) — Démarrage 22/03/2027",Français,Commerce & Management
INSEEC — Rentrée décalée 2027,France,Bordeaux · Chambéry · Lyon · Paris · Beaune · Marseille · Rennes · Toulouse,INSEEC Grande École — programmes de rentrée décalée 2027 (février-mars 2027).,IMSc - Paris - M2 - Business Development - Trade Marketing & Distribution — Paris,MSc,1 an (M2),14 150 € – 14 858 €/an,"Comptant 14 150 € | Échelonné 14 858 € — Rentrée décalée 2027, Paris (Alternance) — Démarrage 22/03/2027",Français,Commerce & Management
INSEEC — Rentrée décalée 2027,France,Bordeaux · Chambéry · Lyon · Paris · Beaune · Marseille · Rennes · Toulouse,INSEEC Grande École — programmes de rentrée décalée 2027 (février-mars 2027).,IMSc - Paris - M2 - Business Development & Ingénierie d'Affaires — Paris,MSc,1 an (M2),14 150 € – 14 858 €/an,"Comptant 14 150 € | Échelonné 14 858 € — Rentrée décalée 2027, Paris (Alternance) — Démarrage 01/03/2027",Français,Commerce & Management
INSEEC — Rentrée décalée 2027,France,Bordeaux · Chambéry · Lyon · Paris · Beaune · Marseille · Rennes · Toulouse,INSEEC Grande École — programmes de rentrée décalée 2027 (février-mars 2027).,"IMSc - Paris - M2 - Communication, Marketing d'Influence & RP — Paris",MSc,1 an (M2),14 150 € – 14 858 €/an,"Comptant 14 150 € | Échelonné 14 858 € — Rentrée décalée 2027, Paris (Alternance) — Démarrage 01/03/2027",Français,Commerce & Management
INSEEC — Rentrée décalée 2027,France,Bordeaux · Chambéry · Lyon · Paris · Beaune · Marseille · Rennes · Toulouse,INSEEC Grande École — programmes de rentrée décalée 2027 (février-mars 2027).,"IMSc - Paris - M2 - Communication, Publicité & Stratégie Digitale — Paris",MSc,1 an (M2),14 150 € – 14 858 €/an,"Comptant 14 150 € | Échelonné 14 858 € — Rentrée décalée 2027, Paris (Alternance) — Démarrage 22/03/2027",Français,Commerce & Management
INSEEC — Rentrée décalée 2027,France,Bordeaux · Chambéry · Lyon · Paris · Beaune · Marseille · Rennes · Toulouse,INSEEC Grande École — programmes de rentrée décalée 2027 (février-mars 2027).,IMSc - Paris - M2 - Directeur des Etablissements de Santé — Paris,MSc,1 an (M2),14 150 € – 14 858 €/an,"Comptant 14 150 € | Échelonné 14 858 € — Rentrée décalée 2027, Paris (Alternance) — Démarrage 03/03/2027",Français,Santé & Sciences de la Vie
INSEEC — Rentrée décalée 2027,France,Bordeaux · Chambéry · Lyon · Paris · Beaune · Marseille · Rennes · Toulouse,INSEEC Grande École — programmes de rentrée décalée 2027 (février-mars 2027).,IMSc - Paris - M2 - Expert en Management Immobilier — Paris,MSc,1 an (M2),14 150 € – 14 858 €/an,"Comptant 14 150 € | Échelonné 14 858 € — Rentrée décalée 2027, Paris (Alternance) — Démarrage 22/03/2027",Français,Commerce & Management
INSEEC — Rentrée décalée 2027,France,Bordeaux · Chambéry · Lyon · Paris · Beaune · Marseille · Rennes · Toulouse,INSEEC Grande École — programmes de rentrée décalée 2027 (février-mars 2027).,IMSc - Paris - M2 - Finance d'Entreprise & Ingénierie Financière — Paris,MSc,1 an (M2),14 690 € – 15 425 €/an,"Comptant 14 690 € | Échelonné 15 425 € — Rentrée décalée 2027, Paris (Alternance) — Démarrage 03/03/2027",Français,Commerce & Management
INSEEC — Rentrée décalée 2027,France,Bordeaux · Chambéry · Lyon · Paris · Beaune · Marseille · Rennes · Toulouse,INSEEC Grande École — programmes de rentrée décalée 2027 (février-mars 2027).,"IMSc - Paris - M2 - Fiscalité, Droit des Affaires, Conseil & Gestion d'Entreprise — Paris",MSc,1 an (M2),14 150 € – 14 858 €/an,"Comptant 14 150 € | Échelonné 14 858 € — Rentrée décalée 2027, Paris (Alternance) — Démarrage 22/03/2027",Français,Commerce & Management
INSEEC — Rentrée décalée 2027,France,Bordeaux · Chambéry · Lyon · Paris · Beaune · Marseille · Rennes · Toulouse,INSEEC Grande École — programmes de rentrée décalée 2027 (février-mars 2027).,IMSc - Paris - M2 - Gestionnaire de Patrimoine — Paris,MSc,1 an (M2),14 150 € – 14 858 €/an,"Comptant 14 150 € | Échelonné 14 858 € — Rentrée décalée 2027, Paris (Alternance) — Démarrage 03/03/2027",Français,Commerce & Management
INSEEC — Rentrée décalée 2027,France,Bordeaux · Chambéry · Lyon · Paris · Beaune · Marseille · Rennes · Toulouse,INSEEC Grande École — programmes de rentrée décalée 2027 (février-mars 2027).,IMSc - Paris - M2 - Human Resources Manager — Paris,MSc,1 an (M2),14 150 € – 14 858 €/an,"Comptant 14 150 € | Échelonné 14 858 € — Rentrée décalée 2027, Paris (Alternance) — Démarrage 22/03/2027",Français,Commerce & Management
INSEEC — Rentrée décalée 2027,France,Bordeaux · Chambéry · Lyon · Paris · Beaune · Marseille · Rennes · Toulouse,INSEEC Grande École — programmes de rentrée décalée 2027 (février-mars 2027).,IMSc - Paris - M2 - Management de Projet & Ingénierie Commerciale — Paris,MSc,1 an (M2),14 150 € – 14 858 €/an,"Comptant 14 150 € | Échelonné 14 858 € — Rentrée décalée 2027, Paris (Alternance) — Démarrage 01/03/2027",Français,Commerce & Management
INSEEC — Rentrée décalée 2027,France,Bordeaux · Chambéry · Lyon · Paris · Beaune · Marseille · Rennes · Toulouse,INSEEC Grande École — programmes de rentrée décalée 2027 (février-mars 2027).,"IMSc - Paris - M2 - Management, Conseil & Stratégie — Paris",MSc,1 an (M2),14 150 € – 14 858 €/an,"Comptant 14 150 € | Échelonné 14 858 € — Rentrée décalée 2027, Paris (Alternance) — Démarrage 22/03/2027",Français,Commerce & Management
INSEEC — Rentrée décalée 2027,France,Bordeaux · Chambéry · Lyon · Paris · Beaune · Marseille · Rennes · Toulouse,INSEEC Grande École — programmes de rentrée décalée 2027 (février-mars 2027).,IMSc - Paris - M2 - Manager des Ressources Humaines — Paris,MSc,1 an (M2),14 150 € – 14 858 €/an,"Comptant 14 150 € | Échelonné 14 858 € — Rentrée décalée 2027, Paris (Alternance) — Démarrage 03/03/2027",Français,Commerce & Management
INSEEC — Rentrée décalée 2027,France,Bordeaux · Chambéry · Lyon · Paris · Beaune · Marseille · Rennes · Toulouse,INSEEC Grande École — programmes de rentrée décalée 2027 (février-mars 2027).,IMSc - Paris - M2 - Manager en Data Marketing — Paris,MSc,1 an (M2),14 150 € – 14 858 €/an,"Comptant 14 150 € | Échelonné 14 858 € — Rentrée décalée 2027, Paris (Alternance) — Démarrage 03/03/2027",Français,Informatique & IA
INSEEC — Rentrée décalée 2027,France,Bordeaux · Chambéry · Lyon · Paris · Beaune · Marseille · Rennes · Toulouse,INSEEC Grande École — programmes de rentrée décalée 2027 (février-mars 2027).,"IMSc - Paris - M2 - Manager Financier, Banque & Assurance — Paris",MSc,1 an (M2),14 690 € – 15 425 €/an,"Comptant 14 690 € | Échelonné 15 425 € — Rentrée décalée 2027, Paris (Alternance) — Démarrage 22/03/2027",Français,Commerce & Management
INSEEC — Rentrée décalée 2027,France,Bordeaux · Chambéry · Lyon · Paris · Beaune · Marseille · Rennes · Toulouse,INSEEC Grande École — programmes de rentrée décalée 2027 (février-mars 2027).,"IMSc - Paris - M2 - Marchés Financiers, Trading & Risk Management — Paris",MSc,1 an (M2),14 690 € – 15 425 €/an,"Comptant 14 690 € | Échelonné 15 425 € — Rentrée décalée 2027, Paris (Alternance) — Démarrage 22/03/2027",Français,Commerce & Management
INSEEC — Rentrée décalée 2027,France,Bordeaux · Chambéry · Lyon · Paris · Beaune · Marseille · Rennes · Toulouse,INSEEC Grande École — programmes de rentrée décalée 2027 (février-mars 2027).,IMSc - Paris - M2 - Marketing Digital & E-Commerce — Paris,MSc,1 an (M2),14 150 € – 14 858 €/an,"Comptant 14 150 € | Échelonné 14 858 € — Rentrée décalée 2027, Paris (Alternance) — Démarrage 03/03/2027",Français,Commerce & Management
INSEEC — Rentrée décalée 2027,France,Bordeaux · Chambéry · Lyon · Paris · Beaune · Marseille · Rennes · Toulouse,INSEEC Grande École — programmes de rentrée décalée 2027 (février-mars 2027).,IMSc - Paris - M2 - Marketing du Luxe et de la Mode & Expérience Client — Paris,MSc,1 an (M2),14 150 € – 14 858 €/an,"Comptant 14 150 € | Échelonné 14 858 € — Rentrée décalée 2027, Paris (Alternance) — Démarrage 01/03/2027",Français,Commerce & Management
INSEEC — Rentrée décalée 2027,France,Bordeaux · Chambéry · Lyon · Paris · Beaune · Marseille · Rennes · Toulouse,INSEEC Grande École — programmes de rentrée décalée 2027 (février-mars 2027).,IMSc - Paris - M2 - Marketing du Sport & Expérience Client — Paris,MSc,1 an (M2),14 150 € – 14 858 €/an,"Comptant 14 150 € | Échelonné 14 858 € — Rentrée décalée 2027, Paris (Alternance) — Démarrage 22/03/2027",Français,Commerce & Management
INSEEC — Rentrée décalée 2027,France,Bordeaux · Chambéry · Lyon · Paris · Beaune · Marseille · Rennes · Toulouse,INSEEC Grande École — programmes de rentrée décalée 2027 (février-mars 2027).,"IMSc - Paris - M2 - Marketing, Communication & Stratégie de Marque — Paris",MSc,1 an (M2),14 150 € – 14 858 €/an,"Comptant 14 150 € | Échelonné 14 858 € — Rentrée décalée 2027, Paris (Alternance) — Démarrage 01/03/2027",Français,Commerce & Management
INSEEC — Rentrée décalée 2027,France,Bordeaux · Chambéry · Lyon · Paris · Beaune · Marseille · Rennes · Toulouse,INSEEC Grande École — programmes de rentrée décalée 2027 (février-mars 2027).,"IMSc - Paris - M2 - Risk Management, Contrôle & Compliance — Paris",MSc,1 an (M2),14 150 € – 14 858 €/an,"Comptant 14 150 € | Échelonné 14 858 € — Rentrée décalée 2027, Paris (Alternance) — Démarrage 22/03/2027",Français,Commerce & Management
INSEEC — Rentrée décalée 2027,France,Bordeaux · Chambéry · Lyon · Paris · Beaune · Marseille · Rennes · Toulouse,INSEEC Grande École — programmes de rentrée décalée 2027 (février-mars 2027).,IMSc - Paris - M2 - Start-Up & Transformation Digitale — Paris,MSc,1 an (M2),14 150 € – 14 858 €/an,"Comptant 14 150 € | Échelonné 14 858 € — Rentrée décalée 2027, Paris (Alternance) — Démarrage 22/03/2027",Français,Informatique & IA
INSEEC — Rentrée décalée 2027,France,Bordeaux · Chambéry · Lyon · Paris · Beaune · Marseille · Rennes · Toulouse,INSEEC Grande École — programmes de rentrée décalée 2027 (février-mars 2027).,IMSc - Toulouse - M2 - Audit & Contrôle de Gestion — Toulouse,MSc,1 an (M2),14 690 € – 15 425 €/an,"Comptant 14 690 € | Échelonné 15 425 € — Rentrée décalée 2027, Toulouse (Alternance) — Démarrage 22/03/2027",Français,Commerce & Management
INSEEC — Rentrée décalée 2027,France,Bordeaux · Chambéry · Lyon · Paris · Beaune · Marseille · Rennes · Toulouse,INSEEC Grande École — programmes de rentrée décalée 2027 (février-mars 2027).,"IMSc - Toulouse - M2 - Management, Conseil & Stratégie — Toulouse",MSc,1 an (M2),14 150 € – 14 858 €/an,"Comptant 14 150 € | Échelonné 14 858 € — Rentrée décalée 2027, Toulouse (Alternance) — Démarrage 22/03/2027",Français,Commerce & Management
INSEEC — Rentrée décalée 2027,France,Bordeaux · Chambéry · Lyon · Paris · Beaune · Marseille · Rennes · Toulouse,INSEEC Grande École — programmes de rentrée décalée 2027 (février-mars 2027).,"IMSc - Toulouse - M2 - Marketing, Communication & Stratégie de Marque — Toulouse",MSc,1 an (M2),14 150 € – 14 858 €/an,"Comptant 14 150 € | Échelonné 14 858 € — Rentrée décalée 2027, Toulouse (Alternance) — Démarrage 22/03/2027",Français,Commerce & Management
ICN Business School,France,Paris La Défense · Berlin,"Grande école de management triple accréditation (AACSB, EQUIS, AMBA).",International BBA — Paris,Bachelor,4 ans,9 900 €/an,,Bilingue EN/FR,Commerce & Management
ICN Business School,France,Paris La Défense · Berlin,"Grande école de management triple accréditation (AACSB, EQUIS, AMBA).",International BBA — Berlin,Bachelor,4 ans,9 900 €/an,,Anglais,Commerce & Management
ICN Business School,France,Paris La Défense · Berlin,"Grande école de management triple accréditation (AACSB, EQUIS, AMBA).",Bachelor in Management,Bachelor,3 ans,9 200 €/an,,FR/EN,Commerce & Management
ICN Business School,France,Paris La Défense · Berlin,"Grande école de management triple accréditation (AACSB, EQUIS, AMBA).",Bachelor Tech & Innovation Management,Bachelor,3 ans,8 000 €/an,,FR/EN,Commerce & Management
ICN Business School,France,Paris La Défense · Berlin,"Grande école de management triple accréditation (AACSB, EQUIS, AMBA).",Master in Management (Grande École),Master,2 ans,14 500 €/an,,FR/EN,Commerce & Management
ICN Business School,France,Paris La Défense · Berlin,"Grande école de management triple accréditation (AACSB, EQUIS, AMBA).",MSc International Management MIEX,Master,2 ans,10 000 €/an,,Anglais,Commerce & Management
ICN Business School,France,Paris La Défense · Berlin,"Grande école de management triple accréditation (AACSB, EQUIS, AMBA).",MSc (DESSMI),Master,2 ans,9 500 €/an,,EN/FR,Commerce & Management
ICN Business School,France,Paris La Défense · Berlin,"Grande école de management triple accréditation (AACSB, EQUIS, AMBA).",PhD,Doctorat,Variable,9 000 €/an,,EN/FR,Commerce & Management
ICN Business School,France,Paris La Défense · Berlin,"Grande école de management triple accréditation (AACSB, EQUIS, AMBA).",DBA,DBA,Variable,30 000 € (programme),,EN/FR,Commerce & Management
Schiller International University — Europe,Espagne,Madrid · Paris · Heidelberg,"Université américaine accréditée, campus européens, programmes 100 % anglais.",BA in International Relations and Diplomacy,Bachelor,4 ans,15 420 €/an,,Anglais,Commerce & Management
Schiller International University — Europe,Espagne,Madrid · Paris · Heidelberg,"Université américaine accréditée, campus européens, programmes 100 % anglais.",BS in International Business,Bachelor,4 ans,15 420 €/an,,Anglais,Commerce & Management
Schiller International University — Europe,Espagne,Madrid · Paris · Heidelberg,"Université américaine accréditée, campus européens, programmes 100 % anglais.",BS in International Hospitality and Tourism Management,Bachelor,4 ans,15 420 €/an,,Anglais,Commerce & Management
Schiller International University — Europe,Espagne,Madrid · Paris · Heidelberg,"Université américaine accréditée, campus européens, programmes 100 % anglais.",BS in International Marketing,Bachelor,4 ans,15 420 €/an,,Anglais,Commerce & Management
Schiller International University — Europe,Espagne,Madrid · Paris · Heidelberg,"Université américaine accréditée, campus européens, programmes 100 % anglais.",BS in Computer Science,Bachelor,4 ans,15 420 €/an,,Anglais,Informatique & IA
Schiller International University — Europe,Espagne,Madrid · Paris · Heidelberg,"Université américaine accréditée, campus européens, programmes 100 % anglais.",BS in Applied Mathematics and Artificial Intelligence,Bachelor,4 ans,15 420 €/an,,Anglais,Informatique & IA
Schiller International University — Europe,Espagne,Madrid · Paris · Heidelberg,"Université américaine accréditée, campus européens, programmes 100 % anglais.",BS in Business Analytics,Bachelor,4 ans,15 420 €/an,,Anglais,Commerce & Management
Schiller International University — Europe,Espagne,Madrid · Paris · Heidelberg,"Université américaine accréditée, campus européens, programmes 100 % anglais.",MA in International Relations and Diplomacy,Master,2 ans,16 560 €/an,,Anglais,Commerce & Management
Schiller International University — Europe,Espagne,Madrid · Paris · Heidelberg,"Université américaine accréditée, campus européens, programmes 100 % anglais.",MS in Digital Marketing and E-commerce,Master,2 ans,16 560 €/an,,Anglais,Commerce & Management
Schiller International University — Europe,Espagne,Madrid · Paris · Heidelberg,"Université américaine accréditée, campus européens, programmes 100 % anglais.",MS in Global Finance,Master,2 ans,16 560 €/an,,Anglais,Commerce & Management
Schiller International University — Europe,Espagne,Madrid · Paris · Heidelberg,"Université américaine accréditée, campus européens, programmes 100 % anglais.",MS in Sustainability Management,Master,2 ans,16 500 €/an,,Anglais,Commerce & Management
Schiller International University — Europe,Espagne,Madrid · Paris · Heidelberg,"Université américaine accréditée, campus européens, programmes 100 % anglais.",MS in Data Science,Master,2 ans,16 500 €/an,,Anglais,Informatique & IA
Schiller International University — Europe,Espagne,Madrid · Paris · Heidelberg,"Université américaine accréditée, campus européens, programmes 100 % anglais.",MBA,MBA,2 ans,16 560 €/an,,Anglais,Commerce & Management
Schiller International University — Europe,Espagne,Madrid · Paris · Heidelberg,"Université américaine accréditée, campus européens, programmes 100 % anglais.",MBA in International Business,MBA,2 ans,20 700 €/an,,Anglais,Commerce & Management
Schiller International University — Tampa,USA,"Tampa, Floride",Campus américain Schiller — programmes Bachelor et MBA en anglais.,BA in International Relations and Diplomacy,Bachelor,4 ans,17 610 USD/an,,Anglais,Commerce & Management
Schiller International University — Tampa,USA,"Tampa, Floride",Campus américain Schiller — programmes Bachelor et MBA en anglais.,BS in International Business,Bachelor,4 ans,17 610 USD/an,,Anglais,Commerce & Management
Schiller International University — Tampa,USA,"Tampa, Floride",Campus américain Schiller — programmes Bachelor et MBA en anglais.,BS in International Hospitality and Tourism Management,Bachelor,4 ans,17 610 USD/an,,Anglais,Commerce & Management
Schiller International University — Tampa,USA,"Tampa, Floride",Campus américain Schiller — programmes Bachelor et MBA en anglais.,BS in International Marketing,Bachelor,4 ans,17 610 USD/an,,Anglais,Commerce & Management
Schiller International University — Tampa,USA,"Tampa, Floride",Campus américain Schiller — programmes Bachelor et MBA en anglais.,BS in Computer Science,Bachelor,4 ans,17 610 USD/an,,Anglais,Informatique & IA
Schiller International University — Tampa,USA,"Tampa, Floride",Campus américain Schiller — programmes Bachelor et MBA en anglais.,BS in Applied Mathematics and Artificial Intelligence,Bachelor,4 ans,17 610 USD/an,,Anglais,Informatique & IA
Schiller International University — Tampa,USA,"Tampa, Floride",Campus américain Schiller — programmes Bachelor et MBA en anglais.,BS in Business Analytics,Bachelor,4 ans,17 610 USD/an,,Anglais,Commerce & Management
Schiller International University — Tampa,USA,"Tampa, Floride",Campus américain Schiller — programmes Bachelor et MBA en anglais.,MA in International Relations and Diplomacy,Master,2 ans,19 620 USD/an,,Anglais,Commerce & Management
Schiller International University — Tampa,USA,"Tampa, Floride",Campus américain Schiller — programmes Bachelor et MBA en anglais.,MS in Digital Marketing and E-commerce,Master,2 ans,19 620 USD/an,,Anglais,Commerce & Management
Schiller International University — Tampa,USA,"Tampa, Floride",Campus américain Schiller — programmes Bachelor et MBA en anglais.,MS in Global Finance,Master,2 ans,19 620 USD/an,,Anglais,Commerce & Management
Schiller International University — Tampa,USA,"Tampa, Floride",Campus américain Schiller — programmes Bachelor et MBA en anglais.,MS in Sustainability Management,Master,2 ans,19 410 USD/an,,Anglais,Commerce & Management
Schiller International University — Tampa,USA,"Tampa, Floride",Campus américain Schiller — programmes Bachelor et MBA en anglais.,MS in Data Science,Master,2 ans,19 410 USD/an,,Anglais,Informatique & IA
Schiller International University — Tampa,USA,"Tampa, Floride",Campus américain Schiller — programmes Bachelor et MBA en anglais.,MBA,MBA,2 ans,19 620 USD/an,,Anglais,Commerce & Management
Schiller International University — Tampa,USA,"Tampa, Floride",Campus américain Schiller — programmes Bachelor et MBA en anglais.,MBA in International Business,MBA,2 ans,24 525 USD/an,,Anglais,Commerce & Management
ISMAGI,Maroc,Rabat,"Institut Supérieur de Management et d'Administration des Affaires — Licences, Masters et Ingénieur.","Comptabilité, Contrôle et Audit",Licence,3 ans,40 000 MAD/an,,Français,Commerce & Management
ISMAGI,Maroc,Rabat,"Institut Supérieur de Management et d'Administration des Affaires — Licences, Masters et Ingénieur.",Marketing Digital & Développement Commercial,Licence,3 ans,40 000 MAD/an,,Français,Commerce & Management
ISMAGI,Maroc,Rabat,"Institut Supérieur de Management et d'Administration des Affaires — Licences, Masters et Ingénieur.","Logistique, Transport et Commerce International",Licence,3 ans,40 000 MAD/an,,Français,Commerce & Management
ISMAGI,Maroc,Rabat,"Institut Supérieur de Management et d'Administration des Affaires — Licences, Masters et Ingénieur.",Gestion des Ressources Humaines,Licence,3 ans,40 000 MAD/an,,Français,Commerce & Management
ISMAGI,Maroc,Rabat,"Institut Supérieur de Management et d'Administration des Affaires — Licences, Masters et Ingénieur.",Développement Multimédia et Animation 3D,Licence,3 ans,40 000 MAD/an,,Français,Informatique & IA
ISMAGI,Maroc,Rabat,"Institut Supérieur de Management et d'Administration des Affaires — Licences, Masters et Ingénieur.",Blockchain et Cryptographie,Licence,3 ans,40 000 MAD/an,,Français,Informatique & IA
ISMAGI,Maroc,Rabat,"Institut Supérieur de Management et d'Administration des Affaires — Licences, Masters et Ingénieur.",Développement Web et Mobile,Licence,3 ans,40 000 MAD/an,,Français,Informatique & IA
ISMAGI,Maroc,Rabat,"Institut Supérieur de Management et d'Administration des Affaires — Licences, Masters et Ingénieur.",IoT et Systèmes Intelligents,Licence,3 ans,40 000 MAD/an,,Français,Informatique & IA
ISMAGI,Maroc,Rabat,"Institut Supérieur de Management et d'Administration des Affaires — Licences, Masters et Ingénieur.",Classes préparatoires intégrées,Prépa,2 ans,40 000 MAD/an,,Français,Ingénierie & Sciences
ISMAGI,Maroc,Rabat,"Institut Supérieur de Management et d'Administration des Affaires — Licences, Masters et Ingénieur.",Ingénierie Informatique,Ingénieur,5 ans,45 000 MAD/an,,Français,Informatique & IA
ISMAGI,Maroc,Rabat,"Institut Supérieur de Management et d'Administration des Affaires — Licences, Masters et Ingénieur.",Ingénierie Data Science et Biotech,Ingénieur,5 ans,45 000 MAD/an,,Français,Informatique & IA
ISMAGI,Maroc,Rabat,"Institut Supérieur de Management et d'Administration des Affaires — Licences, Masters et Ingénieur.",Master en Gestion Opérationnelle et Stratégies des Entreprises,Master,2 ans,45 000 MAD/an,,Français,Commerce & Management
ISMAGI,Maroc,Rabat,"Institut Supérieur de Management et d'Administration des Affaires — Licences, Masters et Ingénieur.","Master en Qualité, Hygiène, Sécurité, Environnement",Master,2 ans,45 000 MAD/an,,Français,Commerce & Management
ISMAGI,Maroc,Rabat,"Institut Supérieur de Management et d'Administration des Affaires — Licences, Masters et Ingénieur.","Master en Comptabilité, Contrôle et Audit",Master,2 ans,45 000 MAD/an,,Français,Commerce & Management
ISMAGI,Maroc,Rabat,"Institut Supérieur de Management et d'Administration des Affaires — Licences, Masters et Ingénieur.",Master en IoT et Data Science,Master,2 ans,45 000 MAD/an,,Français,Informatique & IA
ISMAGI,Maroc,Rabat,"Institut Supérieur de Management et d'Administration des Affaires — Licences, Masters et Ingénieur.",Master Fintech and Risk Management,Master,2 ans,45 000 MAD/an,,Français,Commerce & Management
ISMAGI,Maroc,Rabat,"Institut Supérieur de Management et d'Administration des Affaires — Licences, Masters et Ingénieur.","Master Développement Logiciel, Mobile et IoT",Master,2 ans,45 000 MAD/an,,Français,Informatique & IA
ISMAGI,Maroc,Rabat,"Institut Supérieur de Management et d'Administration des Affaires — Licences, Masters et Ingénieur.",Master Digital Marketing and Communication,Master,2 ans,45 000 MAD/an,,Français,Commerce & Management
ESA Casablanca (IGENSIA Education),Maroc,Casablanca,École de management IGENSIA — Bachelor Management et Finance.,Bac+3 Gestion des entreprises — Option Management,Bachelor,3 ans,5 500 €/an (B1),,Français,Commerce & Management
ESA Casablanca (IGENSIA Education),Maroc,Casablanca,École de management IGENSIA — Bachelor Management et Finance.,Bac+3 Gestion des entreprises — Option Finance,Bachelor,3 ans,5 500 €/an (B1),,Français,Commerce & Management
Bahçeşehir University (BAU) Istanbul,Turquie,Istanbul,Université privée turque — catalogue phare en anglais.,Business Administration,Bachelor,4 ans,8 500 USD/an,,Anglais,Commerce & Management
Bahçeşehir University (BAU) Istanbul,Turquie,Istanbul,Université privée turque — catalogue phare en anglais.,International Trade and Business,Bachelor,4 ans,8 500 USD/an,,Anglais,Commerce & Management
Bahçeşehir University (BAU) Istanbul,Turquie,Istanbul,Université privée turque — catalogue phare en anglais.,International Finance,Bachelor,4 ans,8 500 USD/an,,Anglais,Commerce & Management
Bahçeşehir University (BAU) Istanbul,Turquie,Istanbul,Université privée turque — catalogue phare en anglais.,Computer Engineering,Bachelor,4 ans,9 000 USD/an,,Anglais,Informatique & IA
Bahçeşehir University (BAU) Istanbul,Turquie,Istanbul,Université privée turque — catalogue phare en anglais.,Software Engineering,Bachelor,4 ans,9 000 USD/an,,Anglais,Informatique & IA
Bahçeşehir University (BAU) Istanbul,Turquie,Istanbul,Université privée turque — catalogue phare en anglais.,Artificial Intelligence Engineering,Bachelor,4 ans,12 000 USD/an,,Anglais,Informatique & IA
Bahçeşehir University (BAU) Istanbul,Turquie,Istanbul,Université privée turque — catalogue phare en anglais.,Medicine,Bachelor,6 ans,28 000 USD/an,,Anglais,Santé & Sciences de la Vie
Bahçeşehir University (BAU) Istanbul,Turquie,Istanbul,Université privée turque — catalogue phare en anglais.,Architecture,Bachelor,4 ans,8 500 USD/an,,Anglais,Architecture & BTP
Bahçeşehir University (BAU) Istanbul,Turquie,Istanbul,Université privée turque — catalogue phare en anglais.,Textile and Fashion Design,Bachelor,4 ans,8 500 USD/an,,Anglais,"Design, Médias & Communication"
GBS Dubai,EAU (Dubaï),Dubaï,"Global Banking School — diplômes professionnels et HND, 4 rentrées/an.",International Diploma in Business,Diploma Level 2,1 an,25 000 AED/an,,Anglais,Commerce & Management
GBS Dubai,EAU (Dubaï),Dubaï,"Global Banking School — diplômes professionnels et HND, 4 rentrées/an.",International Extended Diploma in Business,Diploma Level 3,1 an,40 000 AED/an,,Anglais,Commerce & Management
GBS Dubai,EAU (Dubaï),Dubaï,"Global Banking School — diplômes professionnels et HND, 4 rentrées/an.",International Extended Diploma in IT,Diploma Level 3,1 an,40 000 AED/an,,Anglais,Informatique & IA
GBS Dubai,EAU (Dubaï),Dubaï,"Global Banking School — diplômes professionnels et HND, 4 rentrées/an.",HND International in Business,HND Level 5,2 ans,40 000 AED/an,,Anglais,Commerce & Management
GBS Dubai,EAU (Dubaï),Dubaï,"Global Banking School — diplômes professionnels et HND, 4 rentrées/an.",HND in Digital Technologies (Cyber Security),HND Level 5,2 ans,40 000 AED/an,,Anglais,Informatique & IA
GBS Dubai,EAU (Dubaï),Dubaï,"Global Banking School — diplômes professionnels et HND, 4 rentrées/an.",HND in Digital Technologies (Artificial Intelligence),HND Level 5,2 ans,40 000 AED/an,,Anglais,Informatique & IA
GBS Dubai,EAU (Dubaï),Dubaï,"Global Banking School — diplômes professionnels et HND, 4 rentrées/an.",HND in Healthcare Practices (Healthcare Management),HND Level 5,2 ans,40 000 AED/an,,Anglais,Commerce & Management
GBS Dubai,EAU (Dubaï),Dubaï,"Global Banking School — diplômes professionnels et HND, 4 rentrées/an.",HND in Construction Management,HND Level 5,2 ans,40 000 AED/an,,Anglais,Commerce & Management
GBS Dubai,EAU (Dubaï),Dubaï,"Global Banking School — diplômes professionnels et HND, 4 rentrées/an.",ACCA (Association of Chartered Certified Accountants),Professional,Variable,8 000 - 18 500 AED,,Anglais,Commerce & Management
GBS Dubai,EAU (Dubaï),Dubaï,"Global Banking School — diplômes professionnels et HND, 4 rentrées/an.",Global Investment Banking Analyst Programme,Certificate,4 semaines,10 000 AED (programme),,Anglais,Commerce & Management
ECE,France,Paris · Bordeaux · Lyon · Marseille · Rennes,École d'ingénieurs généraliste — réseau OMNES Education.,Bachelor Computer Science (100% Anglais),Bachelor,3 ans,8 850 €/an,Comptant 8 850 € | Échelonné 9 293 € — Paris uniquement,Anglais,Informatique & IA
ECE,France,Paris · Bordeaux · Lyon · Marseille · Rennes,École d'ingénieurs généraliste — réseau OMNES Education.,Bachelor Développeur en Intelligence Artificielle,Bachelor,3 ans,8 850 €/an,"Comptant 8 850 € | Échelonné 9 293 € — Paris, Bordeaux, Lyon",Français,Informatique & IA
ECE,France,Paris · Bordeaux · Lyon · Marseille · Rennes,École d'ingénieurs généraliste — réseau OMNES Education.,Bachelor Cybersécurité et Réseaux,Bachelor,3 ans,8 850 €/an,Comptant 8 850 € | Échelonné 9 293 € — Paris uniquement,Français,Informatique & IA
ECE,France,Paris · Bordeaux · Lyon · Marseille · Rennes,École d'ingénieurs généraliste — réseau OMNES Education.,Bachelor Développeur d'Applications,Bachelor,3 ans,8 850 €/an,Comptant 8 850 € | Échelonné 9 293 € — Paris uniquement,Français,Informatique & IA
ECE,France,Paris · Bordeaux · Lyon · Marseille · Rennes,École d'ingénieurs généraliste — réseau OMNES Education.,Programme Grande École Ingénieur (PGE),PGE,5 ans,12 690 – 13 325 €/an,"Comptant 12 690 € | Échelonné 13 325 € — Paris, Bordeaux, Lyon, Marseille, Rennes",Bilingue FR/EN,Ingénierie & Sciences
ECE,France,Paris · Bordeaux · Lyon · Marseille · Rennes,École d'ingénieurs généraliste — réseau OMNES Education.,PGE ING4 Spécialisation: Data & AI,PGE,2 ans,12 690 – 13 325 €/an,Comptant · Échelonné: 13 325 €/an,Bilingue FR/EN,Informatique & IA
ECE,France,Paris · Bordeaux · Lyon · Marseille · Rennes,École d'ingénieurs généraliste — réseau OMNES Education.,PGE ING4 Spécialisation: Cybersécurité,PGE,2 ans,12 690 – 13 325 €/an,Comptant · Échelonné: 13 325 €/an,Bilingue FR/EN,Informatique & IA
ECE,France,Paris · Bordeaux · Lyon · Marseille · Rennes,École d'ingénieurs généraliste — réseau OMNES Education.,PGE ING4 Spécialisation: Embedded Systems / Systèmes Embarqués,PGE,2 ans,12 690 – 13 325 €/an,Comptant · Échelonné: 13 325 €/an,Bilingue FR/EN,Ingénierie & Sciences
ECE,France,Paris · Bordeaux · Lyon · Marseille · Rennes,École d'ingénieurs généraliste — réseau OMNES Education.,PGE ING4 Spécialisation: Transition énergétique,PGE,2 ans,12 690 – 13 325 €/an,Comptant · Échelonné: 13 325 €/an,Français,Ingénierie & Sciences
ECE,France,Paris · Bordeaux · Lyon · Marseille · Rennes,École d'ingénieurs généraliste — réseau OMNES Education.,PGE ING4 Spécialisation: Environnement et durabilité,PGE,2 ans,12 690 – 13 325 €/an,Comptant · Échelonné: 13 325 €/an,Français,Ingénierie & Sciences
ECE,France,Paris · Bordeaux · Lyon · Marseille · Rennes,École d'ingénieurs généraliste — réseau OMNES Education.,PGE ING4 Spécialisation: Défense & Technologie,PGE,2 ans,12 690 – 13 325 €/an,Comptant · Échelonné: 13 325 €/an,Français,Ingénierie & Sciences
ECE,France,Paris · Bordeaux · Lyon · Marseille · Rennes,École d'ingénieurs généraliste — réseau OMNES Education.,PGE ING4 Spécialisation: Finance Corporate,PGE,2 ans,12 690 – 13 325 €/an,Comptant · Échelonné: 13 325 €/an,Français,Commerce & Management
ECE,France,Paris · Bordeaux · Lyon · Marseille · Rennes,École d'ingénieurs généraliste — réseau OMNES Education.,PGE ING4 Spécialisation: Finance de Marché,PGE,2 ans,12 690 – 13 325 €/an,Comptant · Échelonné: 13 325 €/an,Français,Commerce & Management
ECE,France,Paris · Bordeaux · Lyon · Marseille · Rennes,École d'ingénieurs généraliste — réseau OMNES Education.,PGE ING4 Spécialisation: Fintech et macroéconomie,PGE,2 ans,12 690 – 13 325 €/an,Comptant · Échelonné: 13 325 €/an,Français,Commerce & Management
ECE,France,Paris · Bordeaux · Lyon · Marseille · Rennes,École d'ingénieurs généraliste — réseau OMNES Education.,PGE ING4 Spécialisation: Santé & Technologie,PGE,2 ans,12 690 – 13 325 €/an,Comptant · Échelonné: 13 325 €/an,Français,Santé & Sciences de la Vie
ECE,France,Paris · Bordeaux · Lyon · Marseille · Rennes,École d'ingénieurs généraliste — réseau OMNES Education.,PGE ING4 Spécialisation: Véhicules Connectés Autonomes,PGE,2 ans,12 690 – 13 325 €/an,Comptant · Échelonné: 13 325 €/an,Français,Informatique & IA
ECE,France,Paris · Bordeaux · Lyon · Marseille · Rennes,École d'ingénieurs généraliste — réseau OMNES Education.,PGE ING4 Spécialisation: Système aéronautique et spatial,PGE,2 ans,12 690 – 13 325 €/an,Comptant · Échelonné: 13 325 €/an — Bordeaux,Français,Ingénierie & Sciences
ECE,France,Paris · Bordeaux · Lyon · Marseille · Rennes,École d'ingénieurs généraliste — réseau OMNES Education.,PGE ING4 Spécialisation: Systèmes d'Energie Nucléaire,PGE,2 ans,12 690 – 13 325 €/an,Comptant · Échelonné: 13 325 €/an — Lyon (50% EN/50% FR),Bilingue FR/EN,Ingénierie & Sciences
ECE,France,Paris · Bordeaux · Lyon · Marseille · Rennes,École d'ingénieurs généraliste — réseau OMNES Education.,MSc AI for Business Transformation,MSc,2 ans,12 990 €/an,Comptant 12 990 € | Échelonné 13 640 €,Anglais,Informatique & IA
ECE,France,Paris · Bordeaux · Lyon · Marseille · Rennes,École d'ingénieurs généraliste — réseau OMNES Education.,MSc Artificial Intelligence (EN & FR),MSc,2 ans,12 990 €/an,Comptant 12 990 € | Échelonné 13 640 €,Bilingue FR/EN,Informatique & IA
ECE,France,Paris · Bordeaux · Lyon · Marseille · Rennes,École d'ingénieurs généraliste — réseau OMNES Education.,MSc Cybersecurity Manager (Manager de la Cybersécurité),MSc,2 ans,12 990 €/an,Comptant 12 990 € | Échelonné 13 640 €,Bilingue FR/EN,Informatique & IA
ECE,France,Paris · Bordeaux · Lyon · Marseille · Rennes,École d'ingénieurs généraliste — réseau OMNES Education.,MSc Data Management,MSc,2 ans,12 990 €/an,Comptant 12 990 € | Échelonné 13 640 €,Bilingue FR/EN,Informatique & IA
ECE,France,Paris · Bordeaux · Lyon · Marseille · Rennes,École d'ingénieurs généraliste — réseau OMNES Education.,MSc Embedded AI & Edge Intelligence,MSc,2 ans,12 990 €/an,Comptant 12 990 € | Échelonné 13 640 €,Anglais,Informatique & IA
ECE,France,Paris · Bordeaux · Lyon · Marseille · Rennes,École d'ingénieurs généraliste — réseau OMNES Education.,MSc Information Systems & Digital Sovereignty,MSc,2 ans,12 990 €/an,Comptant 12 990 € | Échelonné 13 640 €,Anglais,Informatique & IA
ECE,France,Paris · Bordeaux · Lyon · Marseille · Rennes,École d'ingénieurs généraliste — réseau OMNES Education.,MSc Sustainable Energy Futures,MSc,2 ans,12 990 €/an,Comptant 12 990 € | Échelonné 13 640 €,Anglais,Ingénierie & Sciences
ECE,France,Paris · Bordeaux · Lyon · Marseille · Rennes,École d'ingénieurs généraliste — réseau OMNES Education.,MSc Technology Management and International Entrepreneurship,MSc,2 ans,12 990 €/an,Comptant 12 990 € | Échelonné 13 640 €,Anglais,Commerce & Management
ESCE International Business School,France,Paris · Lyon,École de commerce international — réseau OMNES Education.,Bachelor International Business (100% Anglais),Bachelor,3 ans,9 690 €/an,Comptant 9 690 € | Échelonné 10 175 € — Paris,Anglais,Commerce & Management
ESCE International Business School,France,Paris · Lyon,École de commerce international — réseau OMNES Education.,Bachelor Tronc Commun,Bachelor,3 ans,9 690 €/an,Comptant 9 690 € | Échelonné 10 175 € — Paris,Français,Commerce & Management
ESCE International Business School,France,Paris · Lyon,École de commerce international — réseau OMNES Education.,Bachelor B3 International Business (100% Anglais),Bachelor,1 an,9 690 €/an,Comptant 9 690 € | Échelonné 10 175 € — Paris,Anglais,Commerce & Management
ESCE International Business School,France,Paris · Lyon,École de commerce international — réseau OMNES Education.,Bachelor B3 Management des Organisations,Bachelor,1 an,7 690 €/an,Comptant 7 690 € | Échelonné 8 075 € — Paris,Français,Commerce & Management
ESCE International Business School,France,Paris · Lyon,École de commerce international — réseau OMNES Education.,Bachelor B3 Corporate Finance (Bilingue),Bachelor,1 an,9 690 €/an,Comptant 9 690 € | Échelonné 10 175 € — Paris,Bilingue FR/EN,Commerce & Management
ESCE International Business School,France,Paris · Lyon,École de commerce international — réseau OMNES Education.,Programme Grande École (PGE),PGE,5 ans,12 890 – 13 535 €/an,Comptant 12 890 € | Échelonné 13 535 € — Paris & Lyon,Bilingue FR/EN,Commerce & Management
ESCE International Business School,France,Paris · Lyon,École de commerce international — réseau OMNES Education.,PGE Track: International Business (EN & FR),PGE,5 ans,12 890 – 13 535 €/an,Comptant · Échelonné: 13 535 €/an,Bilingue FR/EN,Commerce & Management
ESCE International Business School,France,Paris · Lyon,École de commerce international — réseau OMNES Education.,PGE Track: Sciences politiques internationales,PGE,5 ans,12 890 – 13 535 €/an,Comptant · Échelonné: 13 535 €/an,Français,Commerce & Management
ESCE International Business School,France,Paris · Lyon,École de commerce international — réseau OMNES Education.,PGE Track: Management international IA et Data,PGE,5 ans,12 890 – 13 535 €/an,Comptant · Échelonné: 13 535 €/an,Bilingue FR/EN,Informatique & IA
ESCE International Business School,France,Paris · Lyon,École de commerce international — réseau OMNES Education.,PGE M1 Spécialisation: International Business Development,PGE,2 ans,12 890 – 13 535 €/an,Comptant · Échelonné: 13 535 €/an,Anglais,Commerce & Management
ESCE International Business School,France,Paris · Lyon,École de commerce international — réseau OMNES Education.,PGE M1 Spécialisation: Communication Luxury & Prestige Marketing,PGE,2 ans,12 890 – 13 535 €/an,Comptant · Échelonné: 13 535 €/an,Anglais,Commerce & Management
ESCE International Business School,France,Paris · Lyon,École de commerce international — réseau OMNES Education.,PGE M1 Spécialisation: Digital & Sustainable Supply Chain,PGE,2 ans,12 890 – 13 535 €/an,Comptant · Échelonné: 13 535 €/an,Anglais,Commerce & Management
ESCE International Business School,France,Paris · Lyon,École de commerce international — réseau OMNES Education.,PGE M1 Spécialisation: International Digital Marketing,PGE,2 ans,12 890 – 13 535 €/an,Comptant · Échelonné: 13 535 €/an,Anglais,Commerce & Management
ESCE International Business School,France,Paris · Lyon,École de commerce international — réseau OMNES Education.,PGE M1 Spécialisation: Trade Finance,PGE,2 ans,12 890 – 13 535 €/an,Comptant · Échelonné: 13 535 €/an,Anglais,Commerce & Management
ESCE International Business School,France,Paris · Lyon,École de commerce international — réseau OMNES Education.,PGE M1 Spécialisation: Finance Investment & Banking — Corporate Finance,PGE,2 ans,12 890 – 13 535 €/an,Comptant · Échelonné: 13 535 €/an,Anglais,Commerce & Management
ESCE International Business School,France,Paris · Lyon,École de commerce international — réseau OMNES Education.,PGE M1 Spécialisation: Finance Investment & Banking — Financial Markets,PGE,2 ans,12 890 – 13 535 €/an,Comptant · Échelonné: 13 535 €/an,Anglais,Commerce & Management
ESCE International Business School,France,Paris · Lyon,École de commerce international — réseau OMNES Education.,PGE M1 Spécialisation: Ingénierie d'affaires,PGE,2 ans,12 890 – 13 535 €/an,Comptant · Échelonné: 13 535 €/an (ALT),Français,Commerce & Management
ESCE International Business School,France,Paris · Lyon,École de commerce international — réseau OMNES Education.,PGE M1 Spécialisation: International Entrepreneurship & Consulting,PGE,2 ans,12 890 – 13 535 €/an,Comptant · Échelonné: 13 535 €/an,Bilingue FR/EN,Commerce & Management
ESCE International Business School,France,Paris · Lyon,École de commerce international — réseau OMNES Education.,MSc AI-Driven Marketing & Innovation,MSc,2 ans,10 650 – 11 225 €/an,M1: Comptant 10 650 € | Échelonné 11 183 € / M2: Comptant 10 690 € | Échelonné 11 225 € — Paris,Anglais,Commerce & Management
ESCE International Business School,France,Paris · Lyon,École de commerce international — réseau OMNES Education.,MSc French Luxury & Global Marketing,MSc,2 ans,10 650 – 11 225 €/an,M1: Comptant 10 650 € | Échelonné 11 183 € / M2: Comptant 10 690 € | Échelonné 11 225 € — Paris,Anglais,Commerce & Management
ESCE International Business School,France,Paris · Lyon,École de commerce international — réseau OMNES Education.,MSc Geopolitics for Business Development,MSc,2 ans,10 650 – 11 225 €/an,M1: Comptant 10 650 € | Échelonné 11 183 € / M2: Comptant 10 690 € | Échelonné 11 225 € — Paris,Anglais,Commerce & Management
ESCE International Business School,France,Paris · Lyon,École de commerce international — réseau OMNES Education.,MSc Global Supply Chain Management,MSc,2 ans,10 650 – 11 225 €/an,M1: Comptant 10 650 € | Échelonné 11 183 € / M2: Comptant 10 690 € | Échelonné 11 225 € — Paris,Anglais,Commerce & Management
ESCE International Business School,France,Paris · Lyon,École de commerce international — réseau OMNES Education.,MSc International Business Development,MSc,2 ans,10 650 – 11 225 €/an,M1: Comptant 10 650 € | Échelonné 11 183 € / M2: Comptant 10 690 € | Échelonné 11 225 € — Paris,Anglais,Commerce & Management
ESCE International Business School,France,Paris · Lyon,École de commerce international — réseau OMNES Education.,MSc International Corporate Finance,MSc,2 ans,10 650 – 11 225 €/an,M1: Comptant 10 650 € | Échelonné 11 183 € / M2: Comptant 10 690 € | Échelonné 11 225 € — Paris,Anglais,Commerce & Management
ESCE International Business School,France,Paris · Lyon,École de commerce international — réseau OMNES Education.,MSc International Management & Business Intelligence,MSc,2 ans,10 650 – 11 225 €/an,M1: Comptant 10 650 € | Échelonné 11 183 € / M2: Comptant 10 690 € | Échelonné 11 225 € — Paris,Anglais,Commerce & Management
ESCE International Business School,France,Paris · Lyon,École de commerce international — réseau OMNES Education.,MSc Risk Management & International Business Compliance,MSc,2 ans,10 650 – 11 225 €/an,M1: Comptant 10 650 € | Échelonné 11 183 € / M2: Comptant 10 690 € | Échelonné 11 225 € — Paris,Anglais,Commerce & Management
ESCE International Business School,France,Paris · Lyon,École de commerce international — réseau OMNES Education.,MSc Trade Finance,MSc,2 ans,10 650 – 11 225 €/an,M1: Comptant 10 650 € | Échelonné 11 183 € / M2: Comptant 10 690 € | Échelonné 11 225 € — Paris,Anglais,Commerce & Management
ESCE International Business School,France,Paris · Lyon,École de commerce international — réseau OMNES Education.,MSc Technology Management and International Entrepreneurship,MSc,2 ans,10 650 – 11 225 €/an,M1: Comptant 10 650 € | Échelonné 11 183 € / M2: Comptant 10 690 € | Échelonné 11 225 € — Paris,Anglais,Commerce & Management
ESCE International Business School,France,Paris · Lyon,École de commerce international — réseau OMNES Education.,MSc Développement commercial international,MSc,2 ans,10 650 – 11 225 €/an,M1: Comptant 10 650 € | Échelonné 11 183 € / M2: Comptant 10 690 € | Échelonné 11 225 € — Paris,Français,Commerce & Management
ESCE International Business School,France,Paris · Lyon,École de commerce international — réseau OMNES Education.,MSc Stratégie des Entreprises et Management international,MSc,2 ans,10 650 – 11 225 €/an,M1: Comptant 10 650 € | Échelonné 11 183 € / M2: Comptant 10 690 € | Échelonné 11 225 € — Paris,Français,Commerce & Management
HEIP (Hautes Études Internationales et Politiques),France,Paris · Bordeaux · Lyon,École de relations internationales et sciences politiques — réseau OMNES Education.,Bachelor Relations Internationales et Sciences Politiques,Bachelor,3 ans,9 690 – 10 175 €/an,"Comptant 9 690 € | Échelonné 10 175 € — Paris, Bordeaux, Lyon",Français,Commerce & Management
HEIP (Hautes Études Internationales et Politiques),France,Paris · Bordeaux · Lyon,École de relations internationales et sciences politiques — réseau OMNES Education.,Bachelor of Arts in Humanities (100% Anglais),Bachelor,3 ans,9 690 – 10 175 €/an,Comptant 9 690 € | Échelonné 10 175 € — Paris (B3),Anglais,Commerce & Management
HEIP (Hautes Études Internationales et Politiques),France,Paris · Bordeaux · Lyon,École de relations internationales et sciences politiques — réseau OMNES Education.,MSc Diplomatie économique et développement international des entreprises,MSc,2 ans,11 050 – 11 603 €/an,Comptant 11 050 € | Échelonné 11 603 € — Paris & Lyon (ALT),Français,Commerce & Management
HEIP (Hautes Études Internationales et Politiques),France,Paris · Bordeaux · Lyon,École de relations internationales et sciences politiques — réseau OMNES Education.,MSc Manager des institutions et des affaires publiques,MSc,2 ans,11 050 – 11 603 €/an,Comptant 11 050 € | Échelonné 11 603 € — Paris & Lyon (ALT),Français,Commerce & Management
HEIP (Hautes Études Internationales et Politiques),France,Paris · Bordeaux · Lyon,École de relations internationales et sciences politiques — réseau OMNES Education.,MSc Politiques et coopérations internationales de défense et de sécurité,MSc,2 ans,11 050 – 11 603 €/an,Comptant 11 050 € | Échelonné 11 603 € — Paris uniquement (ALT),Français,Commerce & Management
INSEEC Grande École,France,Paris · Bordeaux · Lyon · Marseille · Rennes · Toulouse · Chambéry · Beaune,Grande école de management — réseau OMNES Education.,Bachelor Bac+3: Banque Assurance,Bachelor,3 ans,8 350 – 11 090 €/an,B1: 8 350–10 050€ | B2: 8 350–10 550€ | B3: 8 690–11 090€ — Tous les campus,Français,Commerce & Management
INSEEC Grande École,France,Paris · Bordeaux · Lyon · Marseille · Rennes · Toulouse · Chambéry · Beaune,Grande école de management — réseau OMNES Education.,Bachelor Bac+3: Business Développement & Start-up,Bachelor,3 ans,8 350 – 11 090 €/an,B1: 8 350–10 050€ | B2: 8 350–10 550€ | B3: 8 690–11 090€ — Tous les campus,Français,Commerce & Management
INSEEC Grande École,France,Paris · Bordeaux · Lyon · Marseille · Rennes · Toulouse · Chambéry · Beaune,Grande école de management — réseau OMNES Education.,Bachelor Bac+3: Activités commerciales à l'International,Bachelor,3 ans,8 350 – 11 090 €/an,B1: 8 350–10 050€ | B2: 8 350–10 550€ | B3: 8 690–11 090€ — Tous les campus (Paris 100% EN),Français,Commerce & Management
INSEEC Grande École,France,Paris · Bordeaux · Lyon · Marseille · Rennes · Toulouse · Chambéry · Beaune,Grande école de management — réseau OMNES Education.,Bachelor Bac+3: Finance d'entreprise,Bachelor,3 ans,8 350 – 11 090 €/an,B1: 8 350–10 050€ | B2: 8 350–10 550€ | B3: 8 690–11 090€ — Tous les campus,Français,Commerce & Management
INSEEC Grande École,France,Paris · Bordeaux · Lyon · Marseille · Rennes · Toulouse · Chambéry · Beaune,Grande école de management — réseau OMNES Education.,Bachelor Bac+3: Marketing Comm en Digital,Bachelor,3 ans,8 350 – 11 090 €/an,B1: 8 350–10 050€ | B2: 8 350–10 550€ | B3: 8 690–11 090€ — Tous les campus,Français,Commerce & Management
INSEEC Grande École,France,Paris · Bordeaux · Lyon · Marseille · Rennes · Toulouse · Chambéry · Beaune,Grande école de management — réseau OMNES Education.,Bachelor Bac+3: Marketing Comm et Développement de produits,Bachelor,3 ans,8 350 – 11 090 €/an,B1: 8 350–10 050€ | B2: 8 350–10 550€ | B3: 8 690–11 090€ — Tous les campus,Français,Commerce & Management
INSEEC Grande École,France,Paris · Bordeaux · Lyon · Marseille · Rennes · Toulouse · Chambéry · Beaune,Grande école de management — réseau OMNES Education.,Bachelor Bac+3: Événementiel,Bachelor,3 ans,8 350 – 11 090 €/an,B1: 8 350–10 050€ | B2: 8 350–10 550€ | B3: 8 690–11 090€ — Tous les campus,Français,Commerce & Management
INSEEC Grande École,France,Paris · Bordeaux · Lyon · Marseille · Rennes · Toulouse · Chambéry · Beaune,Grande école de management — réseau OMNES Education.,Bachelor Bac+3: Sport Business,Bachelor,3 ans,8 350 – 11 090 €/an,B1: 8 350–10 050€ | B2: 8 350–10 550€ | B3: 8 690–11 090€ — Tous les campus,Français,Commerce & Management
INSEEC Grande École,France,Paris · Bordeaux · Lyon · Marseille · Rennes · Toulouse · Chambéry · Beaune,Grande école de management — réseau OMNES Education.,Bachelor Bac+3: Luxe,Bachelor,3 ans,8 350 – 11 090 €/an,"B1: 8 350–10 050€ | B2: 8 350–10 550€ | B3: 8 690–11 090€ — Bordeaux, Lyon, Marseille, Paris",Français,Commerce & Management
INSEEC Grande École,France,Paris · Bordeaux · Lyon · Marseille · Rennes · Toulouse · Chambéry · Beaune,Grande école de management — réseau OMNES Education.,Bachelor Bac+3: Vins & Spiritueux,Bachelor,3 ans,8 350 – 11 090 €/an,"B1: 8 350–10 050€ | B2: 8 350–10 550€ | B3: 8 690–11 090€ — Bordeaux, Lyon",Français,Commerce & Management
INSEEC Grande École,France,Paris · Bordeaux · Lyon · Marseille · Rennes · Toulouse · Chambéry · Beaune,Grande école de management — réseau OMNES Education.,Bachelor Bac+3 B3: Web Marketing,Bachelor,1 an,8 690 – 11 090 €/an,Comptant 8 690 € | Échelonné 11 090 €,Français,Commerce & Management
INSEEC Grande École,France,Paris · Bordeaux · Lyon · Marseille · Rennes · Toulouse · Chambéry · Beaune,Grande école de management — réseau OMNES Education.,"Bachelor Bac+3 B3: Digital Business, IA et Data",Bachelor,1 an,8 690 – 11 090 €/an,Comptant 8 690 € | Échelonné 11 090 €,Français,Informatique & IA
INSEEC Grande École,France,Paris · Bordeaux · Lyon · Marseille · Rennes · Toulouse · Chambéry · Beaune,Grande école de management — réseau OMNES Education.,Bachelor Bac+3 B3: Community Management et Réseaux Sociaux,Bachelor,1 an,8 690 – 11 090 €/an,Comptant 8 690 € | Échelonné 11 090 €,Français,Commerce & Management
INSEEC Grande École,France,Paris · Bordeaux · Lyon · Marseille · Rennes · Toulouse · Chambéry · Beaune,Grande école de management — réseau OMNES Education.,Bachelor Bac+3 B3: Corporate Finance (100% EN),Bachelor,1 an,8 690 – 11 090 €/an,Comptant 8 690 € | Échelonné 11 090 € — Paris,Anglais,Commerce & Management
INSEEC Grande École,France,Paris · Bordeaux · Lyon · Marseille · Rennes · Toulouse · Chambéry · Beaune,Grande école de management — réseau OMNES Education.,Bachelor Bac+3 B3: Distribution/Export,Bachelor,1 an,8 690 – 11 090 €/an,"Comptant 8 690 € | Échelonné 11 090 € — Bordeaux, Lyon, Beaune",Français,Commerce & Management
INSEEC Grande École,France,Paris · Bordeaux · Lyon · Marseille · Rennes · Toulouse · Chambéry · Beaune,Grande école de management — réseau OMNES Education.,Bachelor Bac+3 B3: Oenotourisme,Bachelor,1 an,8 690 – 11 090 €/an,Comptant 8 690 € | Échelonné 11 090 € — Beaune,Français,Commerce & Management
INSEEC Grande École,France,Paris · Bordeaux · Lyon · Marseille · Rennes · Toulouse · Chambéry · Beaune,Grande école de management — réseau OMNES Education.,"Bachelor Bac+3 B3: Sommellerie, Gastronomie",Bachelor,1 an,8 690 – 11 090 €/an,"Comptant 8 690 € | Échelonné 11 090 € — Beaune, Bordeaux, Paris",Français,Commerce & Management
INSEEC Grande École,France,Paris · Bordeaux · Lyon · Marseille · Rennes · Toulouse · Chambéry · Beaune,Grande école de management — réseau OMNES Education.,BBA Bac+4,BBA,4 ans,12 550 – 13 000 €/an,"AN1: 12 550€ | AN2: 12 650€ | AN3: 13 000€ — Paris, Bordeaux, Lyon (FR & EN)",Bilingue FR/EN,Commerce & Management
INSEEC Grande École,France,Paris · Bordeaux · Lyon · Marseille · Rennes · Toulouse · Chambéry · Beaune,Grande école de management — réseau OMNES Education.,Programme Grande École (PGE),PGE,5 ans,13 650 – 14 290 €/an,"AN3: 13 650€ | AN4: 14 290€ — Paris, Bordeaux, Lyon",Bilingue FR/EN,Commerce & Management
INSEEC Grande École,France,Paris · Bordeaux · Lyon · Marseille · Rennes · Toulouse · Chambéry · Beaune,Grande école de management — réseau OMNES Education.,PGE M1 Spécialisation: Finance,PGE,2 ans,13 650 – 14 290 €/an,Comptant · Échelonné disponible (FR & EN),Bilingue FR/EN,Commerce & Management
INSEEC Grande École,France,Paris · Bordeaux · Lyon · Marseille · Rennes · Toulouse · Chambéry · Beaune,Grande école de management — réseau OMNES Education.,PGE M1 Spécialisation: Marketing,PGE,2 ans,13 650 – 14 290 €/an,Comptant · Échelonné disponible (FR & EN),Bilingue FR/EN,Commerce & Management
INSEEC Grande École,France,Paris · Bordeaux · Lyon · Marseille · Rennes · Toulouse · Chambéry · Beaune,Grande école de management — réseau OMNES Education.,PGE M1 Spécialisation: Management,PGE,2 ans,13 650 – 14 290 €/an,Comptant · Échelonné disponible (FR & EN),Bilingue FR/EN,Commerce & Management
INSEEC Grande École,France,Paris · Bordeaux · Lyon · Marseille · Rennes · Toulouse · Chambéry · Beaune,Grande école de management — réseau OMNES Education.,MSc International Business Management,MSc,2 ans,13 350 – 17 250 €/an,M1: 13 350€ | M2: 14 850–17 250€ selon spécialisation,Anglais,Commerce & Management
INSEEC Grande École,France,Paris · Bordeaux · Lyon · Marseille · Rennes · Toulouse · Chambéry · Beaune,Grande école de management — réseau OMNES Education.,MSc Luxury and Fashion Marketing & Customer Experience,MSc,2 ans,13 350 – 17 250 €/an,M1: 13 350€ | M2: 17 250€,Anglais,Commerce & Management
INSEEC Grande École,France,Paris · Bordeaux · Lyon · Marseille · Rennes · Toulouse · Chambéry · Beaune,Grande école de management — réseau OMNES Education.,MSc Marketing & Brand Management,MSc,2 ans,13 350 – 17 250 €/an,M1: 13 350€ | M2: 14 850–17 250€ selon spécialisation,Anglais,Commerce & Management
INSEEC Grande École,France,Paris · Bordeaux · Lyon · Marseille · Rennes · Toulouse · Chambéry · Beaune,Grande école de management — réseau OMNES Education.,MSc Wine Marketing & Business Development,MSc,2 ans,13 350 – 17 250 €/an,M1: 13 350€ | M2: 17 250€,Anglais,Commerce & Management
INSEEC Grande École,France,Paris · Bordeaux · Lyon · Marseille · Rennes · Toulouse · Chambéry · Beaune,Grande école de management — réseau OMNES Education.,MSc Digital Marketing & E-Commerce,MSc,2 ans,13 350 – 17 250 €/an,M1: 13 350€ | M2: 14 850€,Anglais,Commerce & Management
INSEEC Grande École,France,Paris · Bordeaux · Lyon · Marseille · Rennes · Toulouse · Chambéry · Beaune,Grande école de management — réseau OMNES Education.,MSc Human Resources Manager,MSc,2 ans,13 350 – 17 250 €/an,M1: 13 350€ | M2: 14 850€,Anglais,Commerce & Management
INSEEC Grande École,France,Paris · Bordeaux · Lyon · Marseille · Rennes · Toulouse · Chambéry · Beaune,Grande école de management — réseau OMNES Education.,MSc International Financial Analyst,MSc,2 ans,13 350 – 17 250 €/an,M1: 13 350€ | M2: 14 850€,Anglais,Commerce & Management
INSEEC Grande École,France,Paris · Bordeaux · Lyon · Marseille · Rennes · Toulouse · Chambéry · Beaune,Grande école de management — réseau OMNES Education.,MSc Food & Beverage Management,MSc,2 ans,13 350 – 17 250 €/an,M1: 13 350€ | M2: 14 850€,Anglais,Commerce & Management
INSEEC Grande École,France,Paris · Bordeaux · Lyon · Marseille · Rennes · Toulouse · Chambéry · Beaune,Grande école de management — réseau OMNES Education.,MSc Project Management,MSc,2 ans,13 350 – 17 250 €/an,M1: 13 350€ | M2: 14 850€,Anglais,Commerce & Management
INSEEC Grande École,France,Paris · Bordeaux · Lyon · Marseille · Rennes · Toulouse · Chambéry · Beaune,Grande école de management — réseau OMNES Education.,MSc Purchasing & Supply Chain Management,MSc,2 ans,13 350 – 17 250 €/an,M1: 13 350€ | M2: 14 850€,Anglais,Commerce & Management
INSEEC Grande École,France,Paris · Bordeaux · Lyon · Marseille · Rennes · Toulouse · Chambéry · Beaune,Grande école de management — réseau OMNES Education.,MSc Analyse Financière Internationale,MSc,2 ans,12 990 – 14 690 €/an,M1: 12 990€ | M2: 14 690€ (FR Finance),Français,Commerce & Management
INSEEC Grande École,France,Paris · Bordeaux · Lyon · Marseille · Rennes · Toulouse · Chambéry · Beaune,Grande école de management — réseau OMNES Education.,MSc Audit & Contrôle de Gestion,MSc,2 ans,12 990 – 14 690 €/an,M1: 12 990€ | M2: 14 690€ (FR Finance),Français,Commerce & Management
INSEEC Grande École,France,Paris · Bordeaux · Lyon · Marseille · Rennes · Toulouse · Chambéry · Beaune,Grande école de management — réseau OMNES Education.,MSc Banque d'Affaires & Ingénierie Financière,MSc,2 ans,12 990 – 14 690 €/an,M1: 12 990€ | M2: 14 690€ (FR Finance),Français,Commerce & Management
INSEEC Grande École,France,Paris · Bordeaux · Lyon · Marseille · Rennes · Toulouse · Chambéry · Beaune,Grande école de management — réseau OMNES Education.,MSc Finance d'Entreprise & Ingénierie Financière,MSc,2 ans,12 990 – 14 690 €/an,M1: 12 990€ | M2: 14 690€ (FR Finance),Français,Commerce & Management
INSEEC Grande École,France,Paris · Bordeaux · Lyon · Marseille · Rennes · Toulouse · Chambéry · Beaune,Grande école de management — réseau OMNES Education.,"MSc Fiscalité, Droit des Affaires, Conseil & Gestion d'Entreprise",MSc,2 ans,12 990 – 14 690 €/an,M1: 12 990€ | M2: 14 690€ (FR Finance),Français,Commerce & Management
INSEEC Grande École,France,Paris · Bordeaux · Lyon · Marseille · Rennes · Toulouse · Chambéry · Beaune,Grande école de management — réseau OMNES Education.,MSc Gestionnaire patrimoine,MSc,2 ans,12 990 – 14 690 €/an,M1: 12 990€ | M2: 14 690€ (FR Finance),Français,Commerce & Management
INSEEC Grande École,France,Paris · Bordeaux · Lyon · Marseille · Rennes · Toulouse · Chambéry · Beaune,Grande école de management — réseau OMNES Education.,"MSc Manager Financier, Banque & Assurance",MSc,2 ans,12 990 – 14 690 €/an,M1: 12 990€ | M2: 14 690€ (FR Finance),Français,Commerce & Management
INSEEC Grande École,France,Paris · Bordeaux · Lyon · Marseille · Rennes · Toulouse · Chambéry · Beaune,Grande école de management — réseau OMNES Education.,"MSc Marchés Financiers, Trading & Risk Management",MSc,2 ans,12 990 – 14 690 €/an,M1: 12 990€ | M2: 14 690€ (FR Finance),Français,Commerce & Management
INSEEC Grande École,France,Paris · Bordeaux · Lyon · Marseille · Rennes · Toulouse · Chambéry · Beaune,Grande école de management — réseau OMNES Education.,"MSc Risk Management, Contrôle & Compliance",MSc,2 ans,12 990 – 14 690 €/an,M1: 12 990€ | M2: 14 690€ (FR Finance),Français,Commerce & Management
INSEEC Grande École,France,Paris · Bordeaux · Lyon · Marseille · Rennes · Toulouse · Chambéry · Beaune,Grande école de management — réseau OMNES Education.,MSc Data Management & Finance,MSc,2 ans,12 990 – 14 690 €/an,M1: 12 990€ | M2: 14 690€ (FR Finance),Français,Informatique & IA
INSEEC Grande École,France,Paris · Bordeaux · Lyon · Marseille · Rennes · Toulouse · Chambéry · Beaune,Grande école de management — réseau OMNES Education.,"MSc Marketing, Communication & Stratégie de Marque",MSc,2 ans,12 090 – 14 150 €/an,M1: 12 090€ | M2: 14 150€ (FR Standard),Français,Commerce & Management
INSEEC Grande École,France,Paris · Bordeaux · Lyon · Marseille · Rennes · Toulouse · Chambéry · Beaune,Grande école de management — réseau OMNES Education.,MSc Marketing Digital & E-Commerce (FR),MSc,2 ans,12 090 – 14 150 €/an,M1: 12 090€ | M2: 14 150€ (FR Standard),Français,Commerce & Management
INSEEC Grande École,France,Paris · Bordeaux · Lyon · Marseille · Rennes · Toulouse · Chambéry · Beaune,Grande école de management — réseau OMNES Education.,MSc Marketing du Sport & Expérience Client,MSc,2 ans,12 090 – 14 150 €/an,M1: 12 090€ | M2: 14 150€ (FR Standard),Français,Commerce & Management
INSEEC Grande École,France,Paris · Bordeaux · Lyon · Marseille · Rennes · Toulouse · Chambéry · Beaune,Grande école de management — réseau OMNES Education.,MSc Chef de Projet Marketing & IA,MSc,2 ans,12 090 – 14 150 €/an,M1: 12 090€ | M2: 14 150€ (FR Standard),Français,Commerce & Management
INSEEC Grande École,France,Paris · Bordeaux · Lyon · Marseille · Rennes · Toulouse · Chambéry · Beaune,Grande école de management — réseau OMNES Education.,MSc Manager en Data Marketing,MSc,2 ans,12 090 – 14 150 €/an,M1: 12 090€ | M2: 14 150€ (FR Standard),Français,Informatique & IA
INSEEC Grande École,France,Paris · Bordeaux · Lyon · Marseille · Rennes · Toulouse · Chambéry · Beaune,Grande école de management — réseau OMNES Education.,"MSc Communication, Marketing d'Influence & RP",MSc,2 ans,12 090 – 14 150 €/an,M1: 12 090€ | M2: 14 150€ (FR Standard),Français,Commerce & Management
INSEEC Grande École,France,Paris · Bordeaux · Lyon · Marseille · Rennes · Toulouse · Chambéry · Beaune,Grande école de management — réseau OMNES Education.,"MSc Communication, Publicité & Stratégie Digitale",MSc,2 ans,12 090 – 14 150 €/an,M1: 12 090€ | M2: 14 150€ (FR Standard),Français,Commerce & Management
INSEEC Grande École,France,Paris · Bordeaux · Lyon · Marseille · Rennes · Toulouse · Chambéry · Beaune,Grande école de management — réseau OMNES Education.,MSc Business Development & Ingénierie d'Affaires,MSc,2 ans,12 090 – 14 150 €/an,M1: 12 090€ | M2: 14 150€ (FR Standard),Français,Commerce & Management
INSEEC Grande École,France,Paris · Bordeaux · Lyon · Marseille · Rennes · Toulouse · Chambéry · Beaune,Grande école de management — réseau OMNES Education.,MSc Business Development — Trade Marketing & Distribution,MSc,2 ans,12 090 – 14 150 €/an,M1: 12 090€ | M2: 14 150€ (FR Standard),Français,Commerce & Management
INSEEC Grande École,France,Paris · Bordeaux · Lyon · Marseille · Rennes · Toulouse · Chambéry · Beaune,Grande école de management — réseau OMNES Education.,MSc Management de Projet & Ingénierie Commerciale,MSc,2 ans,12 090 – 14 150 €/an,M1: 12 090€ | M2: 14 150€ (FR Standard),Français,Commerce & Management
INSEEC Grande École,France,Paris · Bordeaux · Lyon · Marseille · Rennes · Toulouse · Chambéry · Beaune,Grande école de management — réseau OMNES Education.,"MSc Management, Conseil & Stratégie",MSc,2 ans,12 090 – 14 150 €/an,M1: 12 090€ | M2: 14 150€ (FR Standard),Français,Commerce & Management
INSEEC Grande École,France,Paris · Bordeaux · Lyon · Marseille · Rennes · Toulouse · Chambéry · Beaune,Grande école de management — réseau OMNES Education.,MSc Manager des Ressources Humaines,MSc,2 ans,12 090 – 14 150 €/an,M1: 12 090€ | M2: 14 150€ (FR Standard),Français,Commerce & Management
INSEEC Grande École,France,Paris · Bordeaux · Lyon · Marseille · Rennes · Toulouse · Chambéry · Beaune,Grande école de management — réseau OMNES Education.,MSc Manager du Développement Durable & de la Transition Écologique,MSc,2 ans,12 090 – 14 150 €/an,M1: 12 090€ | M2: 14 150€ (FR Standard),Français,Commerce & Management
INSEEC Grande École,France,Paris · Bordeaux · Lyon · Marseille · Rennes · Toulouse · Chambéry · Beaune,Grande école de management — réseau OMNES Education.,MSc Start-Up & Transformation Digitale,MSc,2 ans,12 090 – 14 150 €/an,M1: 12 090€ | M2: 14 150€ (FR Standard),Français,Commerce & Management
INSEEC Grande École,France,Paris · Bordeaux · Lyon · Marseille · Rennes · Toulouse · Chambéry · Beaune,Grande école de management — réseau OMNES Education.,MSc Expert en management immobilier,MSc,2 ans,12 090 – 14 150 €/an,M1: 12 090€ | M2: 14 150€ (FR Standard),Français,Commerce & Management
INSEEC Grande École,France,Paris · Bordeaux · Lyon · Marseille · Rennes · Toulouse · Chambéry · Beaune,Grande école de management — réseau OMNES Education.,MSc Directeur des Établissements de Santé,MSc,2 ans,12 090 – 14 150 €/an,M1: 12 090€ | M2: 14 150€ (FR Standard),Français,Santé & Sciences de la Vie
INSEEC Grande École,France,Paris · Bordeaux · Lyon · Marseille · Rennes · Toulouse · Chambéry · Beaune,Grande école de management — réseau OMNES Education.,"MSc Digital Supply Chain, Achats & IA",MSc,2 ans,12 090 – 14 150 €/an,M1: 12 090€ | M2: 14 150€ (FR Standard),Français,Commerce & Management
INSEEC Grande École,France,Paris · Bordeaux · Lyon · Marseille · Rennes · Toulouse · Chambéry · Beaune,Grande école de management — réseau OMNES Education.,MSc Data Management & AI for Business,MSc,2 ans,12 090 – 14 150 €/an,M1: 12 090€ | M2: 14 150€ (FR Standard),Français,Informatique & IA
INSEEC Grande École,France,Paris · Bordeaux · Lyon · Marseille · Rennes · Toulouse · Chambéry · Beaune,Grande école de management — réseau OMNES Education.,MSc Management & Conseil en Transformation Digitale & IA,MSc,2 ans,12 090 – 14 150 €/an,M1: 12 090€ | M2: 14 150€ (FR Standard),Français,Commerce & Management
INSEEC Grande École,France,Paris · Bordeaux · Lyon · Marseille · Rennes · Toulouse · Chambéry · Beaune,Grande école de management — réseau OMNES Education.,MSc Management & Marketing des Industries Agroalimentaires,MSc,2 ans,12 090 – 14 150 €/an,M1: 12 090€ | M2: 14 150€ (FR Standard),Français,Commerce & Management
INSEEC Grande École,France,Paris · Bordeaux · Lyon · Marseille · Rennes · Toulouse · Chambéry · Beaune,Grande école de management — réseau OMNES Education.,MSc Management & Marketing des Industries Pharmaceutiques,MSc,2 ans,12 090 – 14 150 €/an,M1: 12 090€ | M2: 14 150€ (FR Standard),Français,Commerce & Management
INSEEC Grande École,France,Paris · Bordeaux · Lyon · Marseille · Rennes · Toulouse · Chambéry · Beaune,Grande école de management — réseau OMNES Education.,MSc Marketing de la Santé & Innovation,MSc,2 ans,12 090 – 14 150 €/an,M1: 12 090€ | M2: 14 150€ (FR Standard),Français,Santé & Sciences de la Vie
INSEEC Grande École,France,Paris · Bordeaux · Lyon · Marseille · Rennes · Toulouse · Chambéry · Beaune,Grande école de management — réseau OMNES Education.,MSc QHSE — Management de la Qualité & Gestion de Projet,MSc,2 ans,12 090 – 14 150 €/an,M1: 12 090€ | M2: 14 150€ (FR Standard),Français,Commerce & Management
INSEEC Grande École,France,Paris · Bordeaux · Lyon · Marseille · Rennes · Toulouse · Chambéry · Beaune,Grande école de management — réseau OMNES Education.,MSc Achats & Supply Chain Management (Bilingual),MSc,2 ans,13 350 – 14 850 €/an,M1: 13 350€ | M2: 14 850€ (Bilingual/Mixed),Bilingue FR/EN,Commerce & Management
INSEEC Grande École,France,Paris · Bordeaux · Lyon · Marseille · Rennes · Toulouse · Chambéry · Beaune,Grande école de management — réseau OMNES Education.,"MSc Hospitality Management, Marketing du Tourisme & Expérience Client",MSc,2 ans,13 350 – 14 850 €/an,M1: 13 350€ | M2: 14 850€ (Bilingual/Mixed),Bilingue FR/EN,Commerce & Management
INSEEC Grande École,France,Paris · Bordeaux · Lyon · Marseille · Rennes · Toulouse · Chambéry · Beaune,Grande école de management — réseau OMNES Education.,MSc Management International,MSc,2 ans,13 350 – 14 850 €/an,M1: 13 350€ | M2: 14 850€ (Bilingual/Mixed),Bilingue FR/EN,Commerce & Management
INSEEC Grande École,France,Paris · Bordeaux · Lyon · Marseille · Rennes · Toulouse · Chambéry · Beaune,Grande école de management — réseau OMNES Education.,MSc Spirits Marketing & Business Development,MSc,2 ans,13 350 – 17 250 €/an,M1: 13 350€ | M2: 17 250€ (Bilingual/Mixed),Bilingue FR/EN,Commerce & Management
INSEEC Grande École,France,Paris · Bordeaux · Lyon · Marseille · Rennes · Toulouse · Chambéry · Beaune,Grande école de management — réseau OMNES Education.,MSc Marketing du Luxe et de la Mode & Expérience Client (Premium),MSc,2 ans,13 350 – 17 250 €/an,M1: 13 350€ | M2: 17 250€ (Premium),Français,Commerce & Management
INSEEC Grande École,France,Paris · Bordeaux · Lyon · Marseille · Rennes · Toulouse · Chambéry · Beaune,Grande école de management — réseau OMNES Education.,MSc Management Commercial & Marketing du Vin (Premium),MSc,2 ans,13 350 – 17 250 €/an,M1: 13 350€ | M2: 17 250€ (Premium),Français,Commerce & Management
INSEEC Grande École,France,Paris · Bordeaux · Lyon · Marseille · Rennes · Toulouse · Chambéry · Beaune,Grande école de management — réseau OMNES Education.,MScCGE International Business Management (double diplôme),MScCGE,2 ans,10 650 – 11 183 €/an,Comptant 10 650 € | Échelonné 11 183 € — Paris,Anglais,Commerce & Management
INSEEC Grande École,France,Paris · Bordeaux · Lyon · Marseille · Rennes · Toulouse · Chambéry · Beaune,Grande école de management — réseau OMNES Education.,MScCGE Sustainable Tourism,MScCGE,2 ans,10 650 – 11 183 €/an,Comptant 10 650 € | Échelonné 11 183 € — Paris,Anglais,Commerce & Management
Sup de Pub,France,Paris · Bordeaux · Lyon · Marseille · Rennes · Toulouse,École de communication et publicité — réseau OMNES Education.,"Bachelor SP1: Communication, Marketing Digital et Création",Bachelor,3 ans,9 050 – 9 250 €/an,Comptant: Paris 9 250€ / Province 9 050€,Français,"Design, Médias & Communication"
Sup de Pub,France,Paris · Bordeaux · Lyon · Marseille · Rennes · Toulouse,École de communication et publicité — réseau OMNES Education.,MSc M1/SP4: Communication Publicitaire et Stratégie Média,MSc,2 ans,11 490 – 11 690 €/an,Comptant: Paris 11 690€ / Province 11 490€ — M1 (FR),Français,"Design, Médias & Communication"
Sup de Pub,France,Paris · Bordeaux · Lyon · Marseille · Rennes · Toulouse,École de communication et publicité — réseau OMNES Education.,MSc M1/SP4: Expérience de Marque et Événementiel,MSc,2 ans,11 490 – 11 690 €/an,Comptant: Paris 11 690€ / Province 11 490€ — M1 (FR),Français,"Design, Médias & Communication"
Sup de Pub,France,Paris · Bordeaux · Lyon · Marseille · Rennes · Toulouse,École de communication et publicité — réseau OMNES Education.,MSc M1/SP4: Marketing digital et Stratégie Social Média,MSc,2 ans,11 490 – 11 690 €/an,Comptant: Paris 11 690€ / Province 11 490€ — M1 (FR),Français,Commerce & Management
Sup de Pub,France,Paris · Bordeaux · Lyon · Marseille · Rennes · Toulouse,École de communication et publicité — réseau OMNES Education.,MSc M1/SP4: Production visuelle,MSc,2 ans,11 490 – 11 690 €/an,Comptant: Paris 11 690€ / Province 11 490€ — M1 (FR),Français,"Design, Médias & Communication"
Sup de Pub,France,Paris · Bordeaux · Lyon · Marseille · Rennes · Toulouse,École de communication et publicité — réseau OMNES Education.,MSc M1/SP4: Relations Publics et Influence,MSc,2 ans,11 490 – 11 690 €/an,Comptant: Paris 11 690€ / Province 11 490€ — M1 (FR),Français,"Design, Médias & Communication"
Sup de Pub,France,Paris · Bordeaux · Lyon · Marseille · Rennes · Toulouse,École de communication et publicité — réseau OMNES Education.,MSc M1/SP4: Stratégie Créative et Planning Stratégique,MSc,2 ans,11 490 – 11 690 €/an,Comptant: Paris 11 690€ / Province 11 490€ — M1 (FR),Français,"Design, Médias & Communication"
Sup de Pub,France,Paris · Bordeaux · Lyon · Marseille · Rennes · Toulouse,École de communication et publicité — réseau OMNES Education.,MSc M1/SP4: Stratégie de Contenus et Conception Rédaction,MSc,2 ans,11 490 – 11 690 €/an,Comptant: Paris 11 690€ / Province 11 490€ — M1 (FR),Français,"Design, Médias & Communication"
Sup de Pub,France,Paris · Bordeaux · Lyon · Marseille · Rennes · Toulouse,École de communication et publicité — réseau OMNES Education.,MSc M1/SP4: E-business et Data marketing,MSc,2 ans,11 490 – 11 690 €/an,"Comptant: Paris 11 690€ / Province 11 490€ — M1 (FR, Paris & Lyon)",Français,Commerce & Management
Sup de Pub,France,Paris · Bordeaux · Lyon · Marseille · Rennes · Toulouse,École de communication et publicité — réseau OMNES Education.,MSc M1/SP4: Communication et Marketing des Industries Culturelles et Créatives,MSc,2 ans,11 490 – 11 690 €/an,"Comptant: Paris 11 690€ / Province 11 490€ — M1 (FR, Paris & Lyon)",Français,"Design, Médias & Communication"
Sup de Pub,France,Paris · Bordeaux · Lyon · Marseille · Rennes · Toulouse,École de communication et publicité — réseau OMNES Education.,MSc M1/SP4: Traffic Management et Régie Média,MSc,2 ans,11 490 – 11 690 €/an,"Comptant: Paris 11 690€ / Province 11 490€ — M1 (FR, Paris & Lyon)",Français,Commerce & Management
Sup de Pub,France,Paris · Bordeaux · Lyon · Marseille · Rennes · Toulouse,École de communication et publicité — réseau OMNES Education.,MSc M1/SP4: Communication du Luxe,MSc,2 ans,11 690 €/an,"Comptant 11 690€ — M1 (FR, Paris uniquement)",Français,"Design, Médias & Communication"
Sup de Pub,France,Paris · Bordeaux · Lyon · Marseille · Rennes · Toulouse,École de communication et publicité — réseau OMNES Education.,MSc M1/SP4: Brand Experience & Event,MSc,2 ans,11 690 €/an,"Comptant 11 690€ — M1 (EN, Paris)",Anglais,"Design, Médias & Communication"
Sup de Pub,France,Paris · Bordeaux · Lyon · Marseille · Rennes · Toulouse,École de communication et publicité — réseau OMNES Education.,MSc M1/SP4: Communication and Media Strategy — Luxury,MSc,2 ans,11 690 €/an,"Comptant 11 690€ — M1 (EN, Paris)",Anglais,"Design, Médias & Communication"
Sup de Pub,France,Paris · Bordeaux · Lyon · Marseille · Rennes · Toulouse,École de communication et publicité — réseau OMNES Education.,MSc M2/SP5: Communication Corporate et Relations Publics,MSc,1 an,12 090 – 12 290 €/an,Comptant: Paris 12 290€ / Province 12 090€ — M2 (FR),Français,"Design, Médias & Communication"
Sup de Pub,France,Paris · Bordeaux · Lyon · Marseille · Rennes · Toulouse,École de communication et publicité — réseau OMNES Education.,MSc M2/SP5: Communication et Production Visuelle,MSc,1 an,12 090 – 12 290 €/an,Comptant: Paris 12 290€ / Province 12 090€ — M2 (FR),Français,"Design, Médias & Communication"
Sup de Pub,France,Paris · Bordeaux · Lyon · Marseille · Rennes · Toulouse,École de communication et publicité — réseau OMNES Education.,MSc M2/SP5: Communication et Stratégie Média,MSc,1 an,12 090 – 12 290 €/an,Comptant: Paris 12 290€ / Province 12 090€ — M2 (FR),Français,"Design, Médias & Communication"
Sup de Pub,France,Paris · Bordeaux · Lyon · Marseille · Rennes · Toulouse,École de communication et publicité — réseau OMNES Education.,MSc M2/SP5: Stratégie de Contenu et Brand Culture,MSc,1 an,12 090 – 12 290 €/an,Comptant: Paris 12 290€ / Province 12 090€ — M2 (FR),Français,"Design, Médias & Communication"
Sup de Pub,France,Paris · Bordeaux · Lyon · Marseille · Rennes · Toulouse,École de communication et publicité — réseau OMNES Education.,MSc M2/SP5: Stratégie et Production Événementielle,MSc,1 an,12 090 – 12 290 €/an,Comptant: Paris 12 290€ / Province 12 090€ — M2 (FR),Français,"Design, Médias & Communication"
Sup de Pub,France,Paris · Bordeaux · Lyon · Marseille · Rennes · Toulouse,École de communication et publicité — réseau OMNES Education.,MSc M2/SP5: Communication des Industries Culturelles et Créatives,MSc,1 an,12 090 €/an,"Comptant 12 090€ — M2 (FR, Lyon)",Français,"Design, Médias & Communication"
Sup de Pub,France,Paris · Bordeaux · Lyon · Marseille · Rennes · Toulouse,École de communication et publicité — réseau OMNES Education.,MSc M2/SP5: Data Marketing et IA,MSc,1 an,12 090 – 12 290 €/an,"Comptant: Paris 12 290€ / Province 12 090€ — M2 (FR, Paris & Lyon)",Français,Informatique & IA
Sup de Pub,France,Paris · Bordeaux · Lyon · Marseille · Rennes · Toulouse,École de communication et publicité — réseau OMNES Education.,MSc M2/SP5: Marketing digital et e-commerce,MSc,1 an,12 090 – 12 290 €/an,"Comptant: Paris 12 290€ / Province 12 090€ — M2 (FR, Paris & Lyon)",Français,Commerce & Management
Sup de Pub,France,Paris · Bordeaux · Lyon · Marseille · Rennes · Toulouse,École de communication et publicité — réseau OMNES Education.,MSc M2/SP5: Planning Stratégique et Stratégie Créative,MSc,1 an,12 090 – 12 290 €/an,"Comptant: Paris 12 290€ / Province 12 090€ — M2 (FR, Paris & Lyon)",Français,"Design, Médias & Communication"
Sup de Pub,France,Paris · Bordeaux · Lyon · Marseille · Rennes · Toulouse,École de communication et publicité — réseau OMNES Education.,MSc M2/SP5: Stratégie digitale et social média,MSc,1 an,12 090 – 12 290 €/an,"Comptant: Paris 12 290€ / Province 12 090€ — M2 (FR, Paris, Lyon, Rennes)",Français,Commerce & Management
Sup de Pub,France,Paris · Bordeaux · Lyon · Marseille · Rennes · Toulouse,École de communication et publicité — réseau OMNES Education.,MSc M2/SP5: Communication du Luxe et de la Mode,MSc,1 an,12 290 €/an,"Comptant 12 290€ — M2 (FR, Paris uniquement)",Français,"Design, Médias & Communication"
Sup de Pub,France,Paris · Bordeaux · Lyon · Marseille · Rennes · Toulouse,École de communication et publicité — réseau OMNES Education.,MSc M2/SP5: Creative strategies and strategic planning,MSc,1 an,12 290 €/an,"Comptant 12 290€ — M2 (EN, Paris)",Anglais,"Design, Médias & Communication"
Université Mundiapolis,Maroc,Casablanca — Roudani · Nouaceur · Casa Anfa,"Université privée reconnue par l'État à Casablanca, membre fondateur d'Honoris United Universities, proposant des formations en business, ingénierie, droit/sciences politiques et santé.","Comptabilité, Finance",Licence,3 ans (Bac+3),À confirmer,Frais de scolarité non communiqués dans la brochure 2026 — à confirmer auprès de l'université.,Non précisée,Commerce & Management
Université Mundiapolis,Maroc,Casablanca — Roudani · Nouaceur · Casa Anfa,"Université privée reconnue par l'État à Casablanca, membre fondateur d'Honoris United Universities, proposant des formations en business, ingénierie, droit/sciences politiques et santé.",Communication et Marketing Digital,Licence,3 ans (Bac+3),À confirmer,Frais de scolarité non communiqués dans la brochure 2026 — à confirmer auprès de l'université.,Non précisée,Commerce & Management
Université Mundiapolis,Maroc,Casablanca — Roudani · Nouaceur · Casa Anfa,"Université privée reconnue par l'État à Casablanca, membre fondateur d'Honoris United Universities, proposant des formations en business, ingénierie, droit/sciences politiques et santé.",Management et Gestion des Entreprises,Licence,3 ans (Bac+3),À confirmer,Frais de scolarité non communiqués dans la brochure 2026 — à confirmer auprès de l'université.,Non précisée,Commerce & Management
Université Mundiapolis,Maroc,Casablanca — Roudani · Nouaceur · Casa Anfa,"Université privée reconnue par l'État à Casablanca, membre fondateur d'Honoris United Universities, proposant des formations en business, ingénierie, droit/sciences politiques et santé.",Commerce et Marketing,Licence,3 ans (Bac+3),À confirmer,Frais de scolarité non communiqués dans la brochure 2026 — à confirmer auprès de l'université.,Non précisée,Commerce & Management
Université Mundiapolis,Maroc,Casablanca — Roudani · Nouaceur · Casa Anfa,"Université privée reconnue par l'État à Casablanca, membre fondateur d'Honoris United Universities, proposant des formations en business, ingénierie, droit/sciences politiques et santé.",Gestion des Ressources Humaines,Licence,3 ans (Bac+3),À confirmer,Frais de scolarité non communiqués dans la brochure 2026 — à confirmer auprès de l'université.,Non précisée,Commerce & Management
Université Mundiapolis,Maroc,Casablanca — Roudani · Nouaceur · Casa Anfa,"Université privée reconnue par l'État à Casablanca, membre fondateur d'Honoris United Universities, proposant des formations en business, ingénierie, droit/sciences politiques et santé.",Management Logistique,Licence,3 ans (Bac+3),À confirmer,Frais de scolarité non communiqués dans la brochure 2026 — à confirmer auprès de l'université.,Non précisée,Commerce & Management
Université Mundiapolis,Maroc,Casablanca — Roudani · Nouaceur · Casa Anfa,"Université privée reconnue par l'État à Casablanca, membre fondateur d'Honoris United Universities, proposant des formations en business, ingénierie, droit/sciences politiques et santé.","Comptabilité, Contrôle et Audit (CCA)",Master,Non précisée,À confirmer,Frais de scolarité non communiqués dans la brochure 2026 — à confirmer auprès de l'université.,Non précisée,Commerce & Management
Université Mundiapolis,Maroc,Casablanca — Roudani · Nouaceur · Casa Anfa,"Université privée reconnue par l'État à Casablanca, membre fondateur d'Honoris United Universities, proposant des formations en business, ingénierie, droit/sciences politiques et santé.",Finance,Master,Non précisée,À confirmer,Frais de scolarité non communiqués dans la brochure 2026 — à confirmer auprès de l'université.,Non précisée,Commerce & Management
Université Mundiapolis,Maroc,Casablanca — Roudani · Nouaceur · Casa Anfa,"Université privée reconnue par l'État à Casablanca, membre fondateur d'Honoris United Universities, proposant des formations en business, ingénierie, droit/sciences politiques et santé.","Actuariat, Banque et Assurance",Master,Non précisée,À confirmer,Frais de scolarité non communiqués dans la brochure 2026 — à confirmer auprès de l'université.,Non précisée,Commerce & Management
Université Mundiapolis,Maroc,Casablanca — Roudani · Nouaceur · Casa Anfa,"Université privée reconnue par l'État à Casablanca, membre fondateur d'Honoris United Universities, proposant des formations en business, ingénierie, droit/sciences politiques et santé.",Finance d'Entreprise,Master,Non précisée,À confirmer,Frais de scolarité non communiqués dans la brochure 2026 — à confirmer auprès de l'université.,Non précisée,Commerce & Management
Université Mundiapolis,Maroc,Casablanca — Roudani · Nouaceur · Casa Anfa,"Université privée reconnue par l'État à Casablanca, membre fondateur d'Honoris United Universities, proposant des formations en business, ingénierie, droit/sciences politiques et santé.",Ingénierie Financière,Master,Non précisée,À confirmer,Frais de scolarité non communiqués dans la brochure 2026 — à confirmer auprès de l'université.,Non précisée,Commerce & Management
Université Mundiapolis,Maroc,Casablanca — Roudani · Nouaceur · Casa Anfa,"Université privée reconnue par l'État à Casablanca, membre fondateur d'Honoris United Universities, proposant des formations en business, ingénierie, droit/sciences politiques et santé.",Management des Ressources Humaines,Master,Non précisée,À confirmer,Frais de scolarité non communiqués dans la brochure 2026 — à confirmer auprès de l'université.,Non précisée,Commerce & Management
Université Mundiapolis,Maroc,Casablanca — Roudani · Nouaceur · Casa Anfa,"Université privée reconnue par l'État à Casablanca, membre fondateur d'Honoris United Universities, proposant des formations en business, ingénierie, droit/sciences politiques et santé.",Marketing Stratégique et Marketing Digital,Master,Non précisée,À confirmer,Frais de scolarité non communiqués dans la brochure 2026 — à confirmer auprès de l'université.,Non précisée,Commerce & Management
Université Mundiapolis,Maroc,Casablanca — Roudani · Nouaceur · Casa Anfa,"Université privée reconnue par l'État à Casablanca, membre fondateur d'Honoris United Universities, proposant des formations en business, ingénierie, droit/sciences politiques et santé.",Supply Chain Management,Master,Non précisée,À confirmer,Frais de scolarité non communiqués dans la brochure 2026 — à confirmer auprès de l'université.,Non précisée,Commerce & Management
Université Mundiapolis,Maroc,Casablanca — Roudani · Nouaceur · Casa Anfa,"Université privée reconnue par l'État à Casablanca, membre fondateur d'Honoris United Universities, proposant des formations en business, ingénierie, droit/sciences politiques et santé.",Univers de l'Entreprise,Master,Non précisée,À confirmer,Frais de scolarité non communiqués dans la brochure 2026 — à confirmer auprès de l'université.,Non précisée,Commerce & Management
Université Mundiapolis,Maroc,Casablanca — Roudani · Nouaceur · Casa Anfa,"Université privée reconnue par l'État à Casablanca, membre fondateur d'Honoris United Universities, proposant des formations en business, ingénierie, droit/sciences politiques et santé.",Classes préparatoires intégrées,Prépa,Non précisée,À confirmer,Frais de scolarité non communiqués dans la brochure 2026 — à confirmer auprès de l'université.,Non précisée,Ingénierie & Sciences
Université Mundiapolis,Maroc,Casablanca — Roudani · Nouaceur · Casa Anfa,"Université privée reconnue par l'État à Casablanca, membre fondateur d'Honoris United Universities, proposant des formations en business, ingénierie, droit/sciences politiques et santé.",Génie Industriel,Ingénieur,5 ans (Bac+5),À confirmer,Frais de scolarité non communiqués dans la brochure 2026 — à confirmer auprès de l'université.,Non précisée,Ingénierie & Sciences
Université Mundiapolis,Maroc,Casablanca — Roudani · Nouaceur · Casa Anfa,"Université privée reconnue par l'État à Casablanca, membre fondateur d'Honoris United Universities, proposant des formations en business, ingénierie, droit/sciences politiques et santé.",Génie Informatique,Ingénieur,5 ans (Bac+5),À confirmer,Frais de scolarité non communiqués dans la brochure 2026 — à confirmer auprès de l'université.,Non précisée,Informatique & IA
Université Mundiapolis,Maroc,Casablanca — Roudani · Nouaceur · Casa Anfa,"Université privée reconnue par l'État à Casablanca, membre fondateur d'Honoris United Universities, proposant des formations en business, ingénierie, droit/sciences politiques et santé.",Génie des Systèmes Aéronautiques,Ingénieur,5 ans (Bac+5),À confirmer,Frais de scolarité non communiqués dans la brochure 2026 — à confirmer auprès de l'université.,Non précisée,Ingénierie & Sciences
Université Mundiapolis,Maroc,Casablanca — Roudani · Nouaceur · Casa Anfa,"Université privée reconnue par l'État à Casablanca, membre fondateur d'Honoris United Universities, proposant des formations en business, ingénierie, droit/sciences politiques et santé.",Génie Biomédical,Ingénieur,5 ans (Bac+5),À confirmer,Frais de scolarité non communiqués dans la brochure 2026 — à confirmer auprès de l'université.,Non précisée,Ingénierie & Sciences
Université Mundiapolis,Maroc,Casablanca — Roudani · Nouaceur · Casa Anfa,"Université privée reconnue par l'État à Casablanca, membre fondateur d'Honoris United Universities, proposant des formations en business, ingénierie, droit/sciences politiques et santé.",Data Science et Intelligence Artificielle,Master,Non précisée,À confirmer,Frais de scolarité non communiqués dans la brochure 2026 — à confirmer auprès de l'université.,Non précisée,Informatique & IA
Université Mundiapolis,Maroc,Casablanca — Roudani · Nouaceur · Casa Anfa,"Université privée reconnue par l'État à Casablanca, membre fondateur d'Honoris United Universities, proposant des formations en business, ingénierie, droit/sciences politiques et santé.",Ingénierie de la Cybersécurité,Master,Non précisée,À confirmer,Frais de scolarité non communiqués dans la brochure 2026 — à confirmer auprès de l'université.,Non précisée,Informatique & IA
Université Mundiapolis,Maroc,Casablanca — Roudani · Nouaceur · Casa Anfa,"Université privée reconnue par l'État à Casablanca, membre fondateur d'Honoris United Universities, proposant des formations en business, ingénierie, droit/sciences politiques et santé.","Sciences, Technologie, Ingénierie et Développement Durable",Doctorat,Non précisée,À confirmer,Frais de scolarité non communiqués dans la brochure 2026 — à confirmer auprès de l'université.,Non précisée,Ingénierie & Sciences
Université Mundiapolis,Maroc,Casablanca — Roudani · Nouaceur · Casa Anfa,"Université privée reconnue par l'État à Casablanca, membre fondateur d'Honoris United Universities, proposant des formations en business, ingénierie, droit/sciences politiques et santé.",Génie de la Logistique Aéronautique,Licence professionnelle,3 ans (Bac+3),À confirmer,Frais de scolarité non communiqués dans la brochure 2026 — à confirmer auprès de l'université.,Non précisée,Ingénierie & Sciences
Université Mundiapolis,Maroc,Casablanca — Roudani · Nouaceur · Casa Anfa,"Université privée reconnue par l'État à Casablanca, membre fondateur d'Honoris United Universities, proposant des formations en business, ingénierie, droit/sciences politiques et santé.",Cybersécurité appliquée,Licence professionnelle,3 ans (Bac+3),À confirmer,Frais de scolarité non communiqués dans la brochure 2026 — à confirmer auprès de l'université.,Non précisée,Informatique & IA
Université Mundiapolis,Maroc,Casablanca — Roudani · Nouaceur · Casa Anfa,"Université privée reconnue par l'État à Casablanca, membre fondateur d'Honoris United Universities, proposant des formations en business, ingénierie, droit/sciences politiques et santé.",Cloud Computing et Sécurité,Licence professionnelle,3 ans (Bac+3),À confirmer,Frais de scolarité non communiqués dans la brochure 2026 — à confirmer auprès de l'université.,Non précisée,Informatique & IA
Université Mundiapolis,Maroc,Casablanca — Roudani · Nouaceur · Casa Anfa,"Université privée reconnue par l'État à Casablanca, membre fondateur d'Honoris United Universities, proposant des formations en business, ingénierie, droit/sciences politiques et santé.",Développement Logiciel,Licence professionnelle,3 ans (Bac+3),À confirmer,Frais de scolarité non communiqués dans la brochure 2026 — à confirmer auprès de l'université.,Non précisée,Informatique & IA
Université Mundiapolis,Maroc,Casablanca — Roudani · Nouaceur · Casa Anfa,"Université privée reconnue par l'État à Casablanca, membre fondateur d'Honoris United Universities, proposant des formations en business, ingénierie, droit/sciences politiques et santé.",Management des Systèmes d'Information,Licence professionnelle,3 ans (Bac+3),À confirmer,Frais de scolarité non communiqués dans la brochure 2026 — à confirmer auprès de l'université.,Non précisée,Informatique & IA
Université Mundiapolis,Maroc,Casablanca — Roudani · Nouaceur · Casa Anfa,"Université privée reconnue par l'État à Casablanca, membre fondateur d'Honoris United Universities, proposant des formations en business, ingénierie, droit/sciences politiques et santé.",Technologies de l'Information et de la Communication,Licence professionnelle,3 ans (Bac+3),À confirmer,Frais de scolarité non communiqués dans la brochure 2026 — à confirmer auprès de l'université.,Non précisée,Informatique & IA
Université Mundiapolis,Maroc,Casablanca — Roudani · Nouaceur · Casa Anfa,"Université privée reconnue par l'État à Casablanca, membre fondateur d'Honoris United Universities, proposant des formations en business, ingénierie, droit/sciences politiques et santé.",Droit des Affaires,Licence,3 ans (Bac+3),À confirmer,Frais de scolarité non communiqués dans la brochure 2026 — à confirmer auprès de l'université.,Non précisée,Droit & Sciences Politiques
Université Mundiapolis,Maroc,Casablanca — Roudani · Nouaceur · Casa Anfa,"Université privée reconnue par l'État à Casablanca, membre fondateur d'Honoris United Universities, proposant des formations en business, ingénierie, droit/sciences politiques et santé.","Médias, Communication et Journalisme",Licence,3 ans (Bac+3),À confirmer,Frais de scolarité non communiqués dans la brochure 2026 — à confirmer auprès de l'université.,Non précisée,"Design, Médias & Communication"
Université Mundiapolis,Maroc,Casablanca — Roudani · Nouaceur · Casa Anfa,"Université privée reconnue par l'État à Casablanca, membre fondateur d'Honoris United Universities, proposant des formations en business, ingénierie, droit/sciences politiques et santé.",Relations Internationales et Sciences Politiques,Licence,3 ans (Bac+3),À confirmer,Frais de scolarité non communiqués dans la brochure 2026 — à confirmer auprès de l'université.,Non précisée,Droit & Sciences Politiques
Université Mundiapolis,Maroc,Casablanca — Roudani · Nouaceur · Casa Anfa,"Université privée reconnue par l'État à Casablanca, membre fondateur d'Honoris United Universities, proposant des formations en business, ingénierie, droit/sciences politiques et santé.",Droit des Affaires en Alternance,Master,Non précisée,À confirmer,Frais de scolarité non communiqués dans la brochure 2026 — à confirmer auprès de l'université.,Non précisée,Droit & Sciences Politiques
Université Mundiapolis,Maroc,Casablanca — Roudani · Nouaceur · Casa Anfa,"Université privée reconnue par l'État à Casablanca, membre fondateur d'Honoris United Universities, proposant des formations en business, ingénierie, droit/sciences politiques et santé.",Droit du Contentieux Public et Administratif,Master,Non précisée,À confirmer,Frais de scolarité non communiqués dans la brochure 2026 — à confirmer auprès de l'université.,Non précisée,Droit & Sciences Politiques
Université Mundiapolis,Maroc,Casablanca — Roudani · Nouaceur · Casa Anfa,"Université privée reconnue par l'État à Casablanca, membre fondateur d'Honoris United Universities, proposant des formations en business, ingénierie, droit/sciences politiques et santé.","Relations Internationales, Géopolitiques et Diplomatie",Master,Non précisée,À confirmer,Frais de scolarité non communiqués dans la brochure 2026 — à confirmer auprès de l'université.,Non précisée,Droit & Sciences Politiques
Université Mundiapolis,Maroc,Casablanca — Roudani · Nouaceur · Casa Anfa,"Université privée reconnue par l'État à Casablanca, membre fondateur d'Honoris United Universities, proposant des formations en business, ingénierie, droit/sciences politiques et santé.",Kinésithérapie,Licence,3 ans (Bac+3),À confirmer,Frais de scolarité non communiqués dans la brochure 2026 — à confirmer auprès de l'université.,Non précisée,Santé & Sciences de la Vie
Université Mundiapolis,Maroc,Casablanca — Roudani · Nouaceur · Casa Anfa,"Université privée reconnue par l'État à Casablanca, membre fondateur d'Honoris United Universities, proposant des formations en business, ingénierie, droit/sciences politiques et santé.",Orthophonie,Licence,3 ans (Bac+3),À confirmer,Frais de scolarité non communiqués dans la brochure 2026 — à confirmer auprès de l'université.,Non précisée,Santé & Sciences de la Vie
Université Mundiapolis,Maroc,Casablanca — Roudani · Nouaceur · Casa Anfa,"Université privée reconnue par l'État à Casablanca, membre fondateur d'Honoris United Universities, proposant des formations en business, ingénierie, droit/sciences politiques et santé.",Psychomotricité,Licence,3 ans (Bac+3),À confirmer,Frais de scolarité non communiqués dans la brochure 2026 — à confirmer auprès de l'université.,Non précisée,Santé & Sciences de la Vie
Université Mundiapolis,Maroc,Casablanca — Roudani · Nouaceur · Casa Anfa,"Université privée reconnue par l'État à Casablanca, membre fondateur d'Honoris United Universities, proposant des formations en business, ingénierie, droit/sciences politiques et santé.",Psychologie,Licence,3 ans (Bac+3),À confirmer,Frais de scolarité non communiqués dans la brochure 2026 — à confirmer auprès de l'université.,Non précisée,Santé & Sciences de la Vie
Université Mundiapolis,Maroc,Casablanca — Roudani · Nouaceur · Casa Anfa,"Université privée reconnue par l'État à Casablanca, membre fondateur d'Honoris United Universities, proposant des formations en business, ingénierie, droit/sciences politiques et santé.",Biotechnologie et Santé,Licence,3 ans (Bac+3),À confirmer,Frais de scolarité non communiqués dans la brochure 2026 — à confirmer auprès de l'université.,Non précisée,Santé & Sciences de la Vie
Université Mundiapolis,Maroc,Casablanca — Roudani · Nouaceur · Casa Anfa,"Université privée reconnue par l'État à Casablanca, membre fondateur d'Honoris United Universities, proposant des formations en business, ingénierie, droit/sciences politiques et santé.",Sciences Infirmières,Licence,3 ans (Bac+3),À confirmer,Frais de scolarité non communiqués dans la brochure 2026 — à confirmer auprès de l'université.,Non précisée,Santé & Sciences de la Vie
Université Mundiapolis,Maroc,Casablanca — Roudani · Nouaceur · Casa Anfa,"Université privée reconnue par l'État à Casablanca, membre fondateur d'Honoris United Universities, proposant des formations en business, ingénierie, droit/sciences politiques et santé.",Infirmier Polyvalent,Spécialité,Non précisée,À confirmer,Frais de scolarité non communiqués dans la brochure 2026 — à confirmer auprès de l'université.,Non précisée,Santé & Sciences de la Vie
Université Mundiapolis,Maroc,Casablanca — Roudani · Nouaceur · Casa Anfa,"Université privée reconnue par l'État à Casablanca, membre fondateur d'Honoris United Universities, proposant des formations en business, ingénierie, droit/sciences politiques et santé.",Anesthésie et Réanimation,Spécialité,Non précisée,À confirmer,Frais de scolarité non communiqués dans la brochure 2026 — à confirmer auprès de l'université.,Non précisée,Santé & Sciences de la Vie
Université Mundiapolis,Maroc,Casablanca — Roudani · Nouaceur · Casa Anfa,"Université privée reconnue par l'État à Casablanca, membre fondateur d'Honoris United Universities, proposant des formations en business, ingénierie, droit/sciences politiques et santé.",Soins d'Urgences et Soins Intensifs,Spécialité,Non précisée,À confirmer,Frais de scolarité non communiqués dans la brochure 2026 — à confirmer auprès de l'université.,Non précisée,Santé & Sciences de la Vie
Université Mundiapolis,Maroc,Casablanca — Roudani · Nouaceur · Casa Anfa,"Université privée reconnue par l'État à Casablanca, membre fondateur d'Honoris United Universities, proposant des formations en business, ingénierie, droit/sciences politiques et santé.",Psychologie Clinique et Psychopathologie,Master,Non précisée,À confirmer,Frais de scolarité non communiqués dans la brochure 2026 — à confirmer auprès de l'université.,Non précisée,Santé & Sciences de la Vie
Université Mundiapolis,Maroc,Casablanca — Roudani · Nouaceur · Casa Anfa,"Université privée reconnue par l'État à Casablanca, membre fondateur d'Honoris United Universities, proposant des formations en business, ingénierie, droit/sciences politiques et santé.",Sciences de la Santé,Master,Non précisée,À confirmer,Frais de scolarité non communiqués dans la brochure 2026 — à confirmer auprès de l'université.,Non précisée,Santé & Sciences de la Vie
Universiapolis — Université Internationale d'Agadir,Maroc,Agadir,"Université internationale privée à Agadir regroupant ingénierie, management, droit, tourisme et santé, avec une grille de frais détaillée pour étudiants payant en devise.",EPP — Tronc commun,1re année,Non précisée,57 900 DH/an,"Total annuel étudiant étranger : inscription 3 700 DH, scolarité 50 700 DH et documentation/livres 2 300 DH. Inclut une assurance obligatoire de 1 200 DH ; paiement possible en trois versements, avec remise en cas de règlement unique.",Non précisée,Ingénierie & Sciences
Universiapolis — Université Internationale d'Agadir,Maroc,Agadir,"Université internationale privée à Agadir regroupant ingénierie, management, droit, tourisme et santé, avec une grille de frais détaillée pour étudiants payant en devise.",EPP — Tronc commun,2e année,Non précisée,57 900 DH/an,"Total annuel étudiant étranger : inscription 3 700 DH, scolarité 50 700 DH et documentation/livres 2 300 DH. Inclut une assurance obligatoire de 1 200 DH ; paiement possible en trois versements, avec remise en cas de règlement unique.",Non précisée,Ingénierie & Sciences
Universiapolis — Université Internationale d'Agadir,Maroc,Agadir,"Université internationale privée à Agadir regroupant ingénierie, management, droit, tourisme et santé, avec une grille de frais détaillée pour étudiants payant en devise.",EPP — Ingénierie,3e année,Non précisée,58 800 DH/an,"Total annuel étudiant étranger : inscription 3 700 DH, scolarité 51 600 DH et documentation/livres 2 300 DH. Inclut une assurance obligatoire de 1 200 DH ; paiement possible en trois versements, avec remise en cas de règlement unique.",Non précisée,Ingénierie & Sciences
Universiapolis — Université Internationale d'Agadir,Maroc,Agadir,"Université internationale privée à Agadir regroupant ingénierie, management, droit, tourisme et santé, avec une grille de frais détaillée pour étudiants payant en devise.",EPP — Ingénierie,4e année,Non précisée,59 700 DH/an,"Total annuel étudiant étranger : inscription 3 700 DH, scolarité 52 500 DH et documentation/livres 2 300 DH. Inclut une assurance obligatoire de 1 200 DH ; paiement possible en trois versements, avec remise en cas de règlement unique.",Non précisée,Ingénierie & Sciences
Universiapolis — Université Internationale d'Agadir,Maroc,Agadir,"Université internationale privée à Agadir regroupant ingénierie, management, droit, tourisme et santé, avec une grille de frais détaillée pour étudiants payant en devise.",ISIAM — Management,1re année,Non précisée,49 900 DH/an,"Total annuel étudiant étranger : inscription 3 500 DH, scolarité 43 500 DH et documentation/livres 1 700 DH. Inclut une assurance obligatoire de 1 200 DH ; paiement possible en trois versements, avec remise en cas de règlement unique.",Non précisée,Commerce & Management
Universiapolis — Université Internationale d'Agadir,Maroc,Agadir,"Université internationale privée à Agadir regroupant ingénierie, management, droit, tourisme et santé, avec une grille de frais détaillée pour étudiants payant en devise.",ISIAM — Management,2e année,Non précisée,49 900 DH/an,"Total annuel étudiant étranger : inscription 3 500 DH, scolarité 43 500 DH et documentation/livres 1 700 DH. Inclut une assurance obligatoire de 1 200 DH ; paiement possible en trois versements, avec remise en cas de règlement unique.",Non précisée,Commerce & Management
Universiapolis — Université Internationale d'Agadir,Maroc,Agadir,"Université internationale privée à Agadir regroupant ingénierie, management, droit, tourisme et santé, avec une grille de frais détaillée pour étudiants payant en devise.",ISIAM — Management,3e année,Non précisée,51 400 DH/an,"Total annuel étudiant étranger : inscription 3 500 DH, scolarité 45 000 DH et documentation/livres 1 700 DH. Inclut une assurance obligatoire de 1 200 DH ; paiement possible en trois versements, avec remise en cas de règlement unique.",Non précisée,Commerce & Management
Universiapolis — Université Internationale d'Agadir,Maroc,Agadir,"Université internationale privée à Agadir regroupant ingénierie, management, droit, tourisme et santé, avec une grille de frais détaillée pour étudiants payant en devise.",ISIAM — Management,4e année,Non précisée,51 400 DH/an,"Total annuel étudiant étranger : inscription 3 500 DH, scolarité 45 000 DH et documentation/livres 1 700 DH. Inclut une assurance obligatoire de 1 200 DH ; paiement possible en trois versements, avec remise en cas de règlement unique.",Non précisée,Commerce & Management
Universiapolis — Université Internationale d'Agadir,Maroc,Agadir,"Université internationale privée à Agadir regroupant ingénierie, management, droit, tourisme et santé, avec une grille de frais détaillée pour étudiants payant en devise.",SUP'H COM — Droit privé,2e année,Non précisée,46 200 DH/an,"Total annuel étudiant étranger : inscription 3 500 DH, scolarité 40 500 DH et documentation/livres 1 000 DH. Inclut une assurance obligatoire de 1 200 DH ; paiement possible en trois versements, avec remise en cas de règlement unique.",Non précisée,Droit & Sciences Politiques
Universiapolis — Université Internationale d'Agadir,Maroc,Agadir,"Université internationale privée à Agadir regroupant ingénierie, management, droit, tourisme et santé, avec une grille de frais détaillée pour étudiants payant en devise.",SUP'H COM — Droit privé,3e année,Non précisée,46 200 DH/an,"Total annuel étudiant étranger : inscription 3 500 DH, scolarité 40 500 DH et documentation/livres 1 000 DH. Inclut une assurance obligatoire de 1 200 DH ; paiement possible en trois versements, avec remise en cas de règlement unique.",Non précisée,Droit & Sciences Politiques
Universiapolis — Université Internationale d'Agadir,Maroc,Agadir,"Université internationale privée à Agadir regroupant ingénierie, management, droit, tourisme et santé, avec une grille de frais détaillée pour étudiants payant en devise.",SUP'H COM — Droit,4e année,Non précisée,47 700 DH/an,"Total annuel étudiant étranger : inscription 3 500 DH, scolarité 42 000 DH et documentation/livres 1 000 DH. Inclut une assurance obligatoire de 1 200 DH ; paiement possible en trois versements, avec remise en cas de règlement unique.",Non précisée,Droit & Sciences Politiques
Universiapolis — Université Internationale d'Agadir,Maroc,Agadir,"Université internationale privée à Agadir regroupant ingénierie, management, droit, tourisme et santé, avec une grille de frais détaillée pour étudiants payant en devise.",École Supérieure de Tourisme — Tourisme et Communication,2e année,Non précisée,43 700 DH/an,"Total annuel étudiant étranger : inscription 3 500 DH, scolarité 37 500 DH et documentation/livres 1 500 DH. Inclut une assurance obligatoire de 1 200 DH ; paiement possible en trois versements, avec remise en cas de règlement unique.",Non précisée,Tourisme & Hôtellerie
Universiapolis — Université Internationale d'Agadir,Maroc,Agadir,"Université internationale privée à Agadir regroupant ingénierie, management, droit, tourisme et santé, avec une grille de frais détaillée pour étudiants payant en devise.",École Supérieure de Tourisme — Tourisme et Communication,3e année,Non précisée,43 700 DH/an,"Total annuel étudiant étranger : inscription 3 500 DH, scolarité 37 500 DH et documentation/livres 1 500 DH. Inclut une assurance obligatoire de 1 200 DH ; paiement possible en trois versements, avec remise en cas de règlement unique.",Non précisée,Tourisme & Hôtellerie
Universiapolis — Université Internationale d'Agadir,Maroc,Agadir,"Université internationale privée à Agadir regroupant ingénierie, management, droit, tourisme et santé, avec une grille de frais détaillée pour étudiants payant en devise.",École Supérieure de Tourisme — Tourisme et Communication,4e année,Non précisée,43 700 DH/an,"Total annuel étudiant étranger : inscription 3 500 DH, scolarité 37 500 DH et documentation/livres 1 500 DH. Inclut une assurance obligatoire de 1 200 DH ; paiement possible en trois versements, avec remise en cas de règlement unique.",Non précisée,Tourisme & Hôtellerie
Universiapolis — Université Internationale d'Agadir,Maroc,Agadir,"Université internationale privée à Agadir regroupant ingénierie, management, droit, tourisme et santé, avec une grille de frais détaillée pour étudiants payant en devise.",Faculté des Sciences de la Rééducation et des Techniques de Santé — Infirmier polyvalent,1re année,Non précisée,43 400 DH/an,"Total annuel étudiant étranger : inscription 3 700 DH, scolarité 34 500 DH, documentation 2 500 DH et kit étudiant 1 500 DH. Inclut une assurance obligatoire de 1 200 DH ; paiement possible en trois versements, avec remise en cas de règlement unique.",Non précisée,Santé & Sciences de la Vie